/*
 Navicat Premium Data Transfer

 Source Server         : huaweiCloud
 Source Server Type    : MySQL
 Source Server Version : 50722
 Source Host           : www.potato369.com:3306
 Source Schema         : novel

 Target Server Type    : MySQL
 Target Server Version : 50722
 File Encoding         : 65001

 Date: 21/01/2019 21:02:21
*/

SET NAMES utf8mb4;
SET FOREIGN_KEY_CHECKS = 0;

-- ----------------------------
-- Table structure for novel_category
-- ----------------------------
DROP TABLE IF EXISTS `novel_category`;
CREATE TABLE `novel_category` (
  `category_id` varchar(32) NOT NULL COMMENT 'id，主键',
  `parent_category_id` varchar(32) NULL DEFAULT NULL COMMENT '父级id',
  `category_name` varchar(64) NULL DEFAULT NULL COMMENT '类目名称',
  `category_en_name` varchar(64) DEFAULT NULL COMMENT '类目英文名称',
  `category_type` smallint(4) UNSIGNED NULL DEFAULT NULL COMMENT '类目类型编号',
  `is_deleted` tinyint(4) UNSIGNED NULL DEFAULT 0 COMMENT '类目是否删除；0-否，1-是',
  `create_time` timestamp(0) NOT NULL DEFAULT CURRENT_TIMESTAMP(0) COMMENT '创建时间',
  `update_time` timestamp(0) NOT NULL DEFAULT CURRENT_TIMESTAMP(0) ON UPDATE CURRENT_TIMESTAMP(0) COMMENT '更新时间',
  PRIMARY KEY (`category_id`) USING BTREE
) ENGINE=InnoDB CHARACTER SET = utf8mb4 COLLATE = utf8mb4_general_ci COMMENT='小说类目信息记录表' ROW_FORMAT = Dynamic;

-- ----------------------------
-- Records of novel_category
-- ----------------------------
BEGIN;
INSERT INTO `novel_category` VALUES ('61ae83410ed64850bb3d334845d83bdb', NULL, '男版', 'Male', 200, 0, '2018-11-15 17:26:38', '2019-01-18 17:23:44');
INSERT INTO `novel_category` VALUES ('61ae83410ed64850bb3d334845d83bdc', NULL, '女版', 'Female', 300, 0, '2018-11-15 17:27:03', '2019-01-18 17:23:49');
INSERT INTO `novel_category` VALUES ('61ae83410ed64850bb3d334845d83bdd', '61ae83410ed64850bb3d334845d83bdb', '玄幻', 'Fantasy', 201, 0, '2018-11-15 17:40:52', '2019-01-18 17:25:51');
INSERT INTO `novel_category` VALUES ('61ae83410ed64850bb3d334845d83bde', '61ae83410ed64850bb3d334845d83bdb', '军事', 'Military', 204, 0, '2018-11-15 17:43:31', '2019-01-18 17:25:41');
INSERT INTO `novel_category` VALUES ('61ae83410ed64850bb3d334845d83bdf', '61ae83410ed64850bb3d334845d83bdb', '历史', 'History', 206, 0, '2018-11-15 17:44:33', '2019-01-18 17:25:09');
INSERT INTO `novel_category` VALUES ('61ae83410ed64850bb3d334845d83bdg', '61ae83410ed64850bb3d334845d83bdb', '奇幻', 'Bizarre', 207, 0, '2018-11-15 17:44:53', '2019-01-18 17:25:48');
INSERT INTO `novel_category` VALUES ('61ae83410ed64850bb3d334845d83bdh', '61ae83410ed64850bb3d334845d83bdb', '武侠', 'Wuxia', 208, 0, '2018-11-15 17:45:38', '2019-01-18 17:25:16');
INSERT INTO `novel_category` VALUES ('61ae83410ed64850bb3d334845d83bdi', '61ae83410ed64850bb3d334845d83bdb', '仙侠', 'Xianxia', 209, 0, '2018-11-15 17:46:14', '2019-01-18 17:25:27');
INSERT INTO `novel_category` VALUES ('61ae83410ed64850bb3d334845d83bdj', '61ae83410ed64850bb3d334845d83bdb', '校园', 'Campus', 210, 0, '2018-11-15 17:46:48', '2019-01-18 17:24:58');
INSERT INTO `novel_category` VALUES ('61ae83410ed64850bb3d334845d83bdk', '61ae83410ed64850bb3d334845d83bdb', '悬疑', 'Mystery', 212, 0, '2018-11-15 17:47:53', '2019-01-18 17:25:34');
COMMIT;

-- ----------------------------
-- Table structure for novel_info
-- ----------------------------
DROP TABLE IF EXISTS `novel_info`;
CREATE TABLE `novel_info`  (
  `id` int(11) UNSIGNED NOT NULL AUTO_INCREMENT COMMENT 'id，主键id',
  `file_name` varchar(256) NOT NULL COMMENT '文件名称',
  `cover` varchar(256) NULL DEFAULT NULL COMMENT '封面图片',
  `title` varchar(256) NULL DEFAULT NULL COMMENT '标题',
  `author` varchar(256) NULL DEFAULT NULL COMMENT '作者',
  `publisher` varchar(128) NULL DEFAULT NULL COMMENT '出版社',
  `book_id` varchar(256) NOT NULL COMMENT '文件id',
  `total_words` decimal(16, 0) UNSIGNED NULL DEFAULT 0 COMMENT '总共字数',
  `novel_status` tinyint(4) UNSIGNED NOT NULL DEFAULT 0 COMMENT '状态，0-已完结，1-连载中',
  `category_type` smallint(4) UNSIGNED NOT NULL COMMENT '类目类型编号',
  `category_text` varchar(128) NOT NULL COMMENT '类目名称',
  `lang` varchar(8) NULL DEFAULT NULL COMMENT '语言，cn-中文，en-英文；默认：“cn-中文”',
  `root_file` varchar(256) NULL DEFAULT NULL COMMENT 'opf文件路径',
  `introduction` varchar(1024) NULL DEFAULT NULL COMMENT '小说简介',
  `selected` tinyint(4) UNSIGNED NULL DEFAULT 0 COMMENT '是否被选中（书架中运用），0-未选中，1-已选中；默认：“0-未选中',
  `privated` tinyint(4) UNSIGNED NULL DEFAULT 0 COMMENT '是否开启私密阅读，0-否，1-是；默认：“0-未开启”',
  `cache` tinyint(4) UNSIGNED NULL DEFAULT 0 COMMENT '是否开启离线缓存（书架中会应用到，使用IndexedDB数据库缓存小说），0-未缓存，1-已缓存；默认“0-未缓存”',
  `have_read` tinyint(4) UNSIGNED NULL DEFAULT 0 COMMENT '是否已经阅读过，0-未阅读，1-已阅读；默认：“0-未阅读”',
  `type` tinyint(4) UNSIGNED NOT NULL DEFAULT 0 COMMENT '类型type',
  `result` varchar(256) NULL DEFAULT NULL COMMENT '匹配结果',
  `percent` varchar(64) NULL DEFAULT NULL COMMENT '百分比',
  `readers` decimal(16, 0) UNSIGNED NULL DEFAULT 0 COMMENT '阅读人数；默认“0-阅读人数为零”',
  `create_time` timestamp(0) NOT NULL DEFAULT CURRENT_TIMESTAMP(0) COMMENT '创建时间',
  `update_time` timestamp(0) NOT NULL DEFAULT CURRENT_TIMESTAMP(0) ON UPDATE CURRENT_TIMESTAMP(0) COMMENT '更新时间',
  PRIMARY KEY (`id`) USING BTREE,
  UNIQUE INDEX `idx_file_name`(`file_name`) USING BTREE,
  UNIQUE INDEX `idx_book_id`(`book_id`) USING BTREE
) ENGINE = InnoDB AUTO_INCREMENT = 466 CHARACTER SET = utf8mb4 COLLATE = utf8mb4_general_ci COMMENT = '小说信息记录表' ROW_FORMAT = Dynamic;

-- ----------------------------
-- Records of novel_info
-- ----------------------------
BEGIN;
INSERT INTO `novel_info` VALUES (1, '209000001', 'cover.jpg', '霸天武圣', '蛇吞鲸', 'ixdzs.com', '209000001', 3000000, 0, 209, 'Xianxia', 'zh-cn', 'Xianxia/209000001/content.opf', '武道、道术，孰强孰弱世俗、修界，孰胜孰败一切尽在霸天武道！………………………………一直想写一本和封神一样世俗和修界重合的书，现在摸到点儿头绪了！', 0, 0, 0, 0, 6, '', '97%', 0, '2018-12-11 18:01:54', '2019-01-08 09:35:24');
INSERT INTO `novel_info` VALUES (2, '209000002', 'cover.jpg', '百炼成仙', '幻雨', 'ixdzs.com', '209000002', 3000000, 0, 209, 'Xianxia', 'zh-cn', 'Xianxia/209000002/content.opf', '一个没有灵根的少年，一个被认为是废物的家伙，在修真界不断地收购着各种废品……无论是废丹还是下品材料，来者不拒，有多少要多少！', 0, 0, 0, 0, 6, '', '97%', 0, '2018-12-11 18:01:54', '2019-01-07 11:40:42');
INSERT INTO `novel_info` VALUES (3, '209000003', 'cover.jpg', '从前有座灵剑山', '国王陛下', 'ixdzs.com', '209000003', 3000000, 0, 209, 'Xianxia', 'zh-cn', 'Xianxia/209000003/content.opf', '灵剑派成立于九州历四二三三年，几千年来始终致力于为行业提供一流的修仙人才，如今位列万仙盟五大超品宗派之一，掌门风吟真人担任万仙盟七大常务长老，修为盖世。', 1, 1, 1, 1, 6, '', '97%', 0, '2018-12-11 18:01:54', '2019-01-08 10:34:50');
INSERT INTO `novel_info` VALUES (4, '209000004', 'cover.jpg', '凡人修仙传', '忘语', 'ixdzs.com', '209000004', 3000000, 0, 209, 'Xianxia', 'zh-cn', 'Xianxia/209000004/content.opf', '一个普通的山村穷小子，偶然之下，进入到当地的江湖小门派，成了一名记名弟子。他以这样的身份，如何在门派中立足？又如何以平庸的资质，进入到修仙者的行列？', 0, 0, 0, 0, 6, '', '97%', 0, '2018-12-11 18:01:54', '2019-01-08 09:35:24');
INSERT INTO `novel_info` VALUES (5, '204000001', 'cover.jpg', '大明官', '随轻风去', 'ixdzs.com', '204000001', 3000000, 0, 204, 'Military', 'zh-cn', 'Military/204000001/content.opf', '大明成化十三年，这是一个宅男漫不经心做着皇帝的年代，这是一个没有权威的年代，这也是忠奸、正邪、黑白分明的年代。', 1, 1, 1, 1, 2, '', '97%', 0, '2018-12-11 18:01:54', '2019-01-08 10:42:28');
INSERT INTO `novel_info` VALUES (6, '204000002', 'cover.jpg', '大明海寇', '寒风拂剑', 'ixdzs.com', '204000002', 3000000, 0, 204, 'Military', 'zh-cn', 'Military/204000002/content.opf', '大明末年，身临乱世之间，时势造英雄，好男儿自当拔刀奋起，啸聚大海之上，纵横天地之间！寒风新作，明末风云第二部之大海篇。', 0, 0, 0, 0, 2, '', '97%', 0, '2018-12-11 18:01:54', '2019-01-07 11:49:25');
INSERT INTO `novel_info` VALUES (7, '204000003', 'cover.jpg', '大明武夫', '特别白', 'ixdzs.com', '204000003', 3000000, 0, 204, 'Military', 'zh-cn', 'Military/204000003/content.opf', '赵进平凡一生，没想到在明末有了新的开始他要在历史上留下自己的名字凭手中矛，平万里河山，这就是大明武夫。', 0, 0, 0, 0, 2, '', '97%', 0, '2018-12-11 18:01:54', '2019-01-08 09:35:24');
INSERT INTO `novel_info` VALUES (8, '204000004', 'cover.jpg', '大宇宙时代', 'zhttty', 'ixdzs.com', '204000004', 3000000, 0, 204, 'Military', 'zh-cn', 'Military/204000004/content.opf', '无尽的星空，无垠的星海，那里并不是什么乐园，而是充满着黑暗与危险，死亡与恐怖的未知领域，为了那一抹璀璨的蓝色，我们无怨无悔，为了生命得以延续，没有什么可以阻止我们！', 0, 0, 0, 0, 2, '', '97%', 0, '2018-12-11 18:01:54', '2019-01-08 10:45:59');
INSERT INTO `novel_info` VALUES (9, '204000005', 'cover.jpg', '国士无双', '骁骑校', 'ixdzs.com', '204000005', 3000000, 0, 204, 'Military', 'zh-cn', 'Military/204000005/content.opf', '《国士无双》，又一个光辉灿烂的大时代，一个英雄与枭雄，狗贼与奸贼的疯狂世界。那是一段遗忘的历史，也是一段凝结的追忆。我很期待，因为我没有生活在那个年代。', 0, 0, 0, 0, 2, '', '97%', 0, '2018-12-11 18:01:54', '2019-01-07 11:49:18');
INSERT INTO `novel_info` VALUES (10, '204000006', 'cover.jpg', '红颜三千', '逆风小径', 'ixdzs.com', '204000006', 3000000, 0, 204, 'Military', 'zh-cn', 'Military/204000006/content.opf', '王彦，转生成了一个富家少爷，凭着一身不俗的武艺，在这大梁乱世，手持三尺青锋，胯下朱蹄扬尘，血染黄沙，且试天下！', 1, 1, 1, 1, 2, '', '97%', 0, '2018-12-11 18:01:54', '2019-01-08 09:35:24');
INSERT INTO `novel_info` VALUES (11, '204000007', 'cover.jpg', '极品书生混大唐', '木瓜', 'ixdzs.com', '204000007', 3000000, 0, 204, 'Military', 'zh-cn', 'Military/204000007/content.opf', '孟星河意外穿越大唐，附身在同名败家子孟星河身上。他背负吃喝嫖赌的骂名，却一路风生水起，直捣长安，凭借前世超凡的学识荣登两榜进士，御封金科状元。', 0, 0, 0, 0, 2, '', '97%', 0, '2018-12-11 18:01:54', '2019-01-08 10:42:28');
INSERT INTO `novel_info` VALUES (12, '204000008', 'cover.jpg', '抗日之我为战神', '风雪云中路', 'ixdzs.com', '204000008', 3000000, 0, 204, 'Military', 'zh-cn', 'Military/204000008/content.opf', '诸多穿越者之中没有最霉，只有更霉。因被日本人陷害而蒙冤被迫退伍的军人杨震在一次空难事故中回到了狼烟遍地的1938年，却不想附身成了一名日军战俘。', 0, 0, 0, 0, 2, '', '97%', 0, '2018-12-11 18:01:54', '2019-01-08 10:50:10');
INSERT INTO `novel_info` VALUES (13, '204000009', 'cover.jpg', '明末边军一小兵', '老白牛', 'ixdzs.com', '204000009', 3000000, 0, 204, 'Military', 'zh-cn', 'Military/204000009/content.opf', '崇祯七年三月，山西陕西大旱，赤地千里，民大饥。四月，李自成入河南，与张献忠合兵攻取澄城。七月，后金军进围宣府，兵掠大同，沿边城堡多失守。大明内忧外患，风雨飘摇！', 1, 1, 1, 1, 2, '', '97%', 0, '2018-12-11 18:01:54', '2019-01-08 10:42:28');
INSERT INTO `novel_info` VALUES (14, '204000010', 'cover.jpg', '三国之刺客帝国', '四关', 'ixdzs.com', '204000010', 3000000, 0, 204, 'Military', 'zh-cn', 'Military/204000010/content.opf', '三国时期，英雄辈出，战争不断，百姓苦不堪言，风骚的他因意外穿越到三国时代，拥有现代人的智慧，知道三国纷争的最后的结局，却不料因为他的出现。', 0, 0, 0, 0, 2, '', '97%', 0, '2018-12-11 18:01:54', '2019-01-08 10:45:59');
INSERT INTO `novel_info` VALUES (15, '204000011', 'cover.jpg', '隋末我为王', '吴老狼', 'ixdzs.com', '204000011', 3000000, 0, 204, 'Military', 'zh-cn', 'Military/204000011/content.opf', '牺牲了，穿越了，是隋末，还在卖力表演花样作死大全的隋炀帝已经蹦达不了几天，王世充、李密、窦建德和翟让等一干猛人已经在迅速崛起，老李家也已经在默默的积累。', 0, 0, 0, 0, 2, '', '97%', 0, '2018-12-11 18:01:54', '2019-01-07 11:53:13');
INSERT INTO `novel_info` VALUES (16, '209000005', 'cover.jpg', '佛本是道', '梦入神机', 'ixdzs.com', '209000005', 3000000, 0, 209, 'Xianxia', 'zh-cn', 'Xianxia/209000005/content.opf', '高卧九重云蒲团了道真天地玄黄外吾当掌教尊盘古生太极两仪四象循一道传三友二教阐截分玄门都领袖一气化周青我们的口号是：发扬中国土生土长的传统文化！！！', 1, 1, 1, 1, 6, '', '97%', 0, '2018-12-11 18:01:55', '2019-01-08 09:35:24');
INSERT INTO `novel_info` VALUES (17, '209000006', 'cover.jpg', '剑动山河', '开荒', 'ixdzs.com', '209000006', 3000000, 0, 209, 'Xianxia', 'zh-cn', 'Xianxia/209000006/content.opf', '“你是万中无一的练剑之才！若随我习剑，至多一万载后，汝可为绝代仙王！”庄无道为赚取外快，假公济私倒卖学馆废旧兵刃。却遇一口神秘朽剑缠身，甩不掉、砸不烂。', 0, 0, 0, 0, 6, '', '97%', 0, '2018-12-11 18:01:55', '2019-01-07 11:41:00');
INSERT INTO `novel_info` VALUES (18, '209000007', 'cover.jpg', '莽荒纪', '我吃西红柿', 'ixdzs.com', '209000007', 3000000, 0, 209, 'Xianxia', 'zh-cn', 'Xianxia/209000007/content.opf', '番茄新书《莽荒纪》，带来不一样的仙侠世界。在《莽荒纪》这个世界里，有为了生存，和天斗，和地斗，和妖斗的部落人们。', 1, 1, 1, 1, 6, '', '97%', 0, '2018-12-11 18:01:55', '2019-01-08 10:42:28');
INSERT INTO `novel_info` VALUES (19, '207000001', 'cover.jpg', '不败战神', '方想', 'ixdzs.com', '207000001', 3000000, 0, 207, 'Bizarre', 'zh-cn', 'Bizarre/207000001/content.opf', '年，就是要在阳光下挥洒汗水！少年，就是要不断战斗，然后胜利！仗剑策马江湖行，主宰天下我逍遥！无尽天路之旅，无尽征途，见证少年的热血和传奇！', 0, 0, 0, 0, 4, '', '97%', 0, '2018-12-11 18:01:55', '2019-01-08 10:42:28');
INSERT INTO `novel_info` VALUES (20, '207000002', 'cover.jpg', '斗破苍穹', '天蚕土豆', 'ixdzs.com', '207000002', 3000000, 0, 207, 'Bizarre', 'zh-cn', 'Bizarre/207000002/content.opf', '这里是属于斗气的世界，没有花俏艳丽的魔法，有的，仅仅是繁衍到巅峰的斗气！新书等级制度：斗者，斗师，大斗师，斗灵，斗王，斗皇，斗宗，斗尊，斗圣，斗帝。', 0, 0, 0, 0, 4, '', '97%', 0, '2018-12-11 18:01:55', '2019-01-08 09:35:24');
INSERT INTO `novel_info` VALUES (21, '207000003', 'cover.jpg', '剑道独神', '六道沉沦', 'ixdzs.com', '207000003', 3000000, 0, 207, 'Bizarre', 'zh-cn', 'Bizarre/207000003/content.opf', '剑者，当有锋芒。宁折不屈，宁断不弯，不屈不饶，无所畏惧，任何一切阻碍一切抵挡，都无需犹豫无需多虑。', 0, 0, 0, 0, 4, '', '97%', 0, '2018-12-11 18:01:55', '2019-01-08 10:45:59');
INSERT INTO `novel_info` VALUES (22, '207000004', 'cover.jpg', '魔兽剑圣异界纵横', '天蚕土豆', 'ixdzs.com', '207000004', 3000000, 0, 207, 'Bizarre', 'zh-cn', 'Bizarre/207000004/content.opf', '“盗贼潜行术？”-“那不行，在疾风步面前，连灰尘都没的吃。-“魔法镜象？”-“那能杀人吗？不能？那你还说个屁啊，俺的镜象分身到了高级，连本尊都打不过。”-“虾米？你说你有斗气爆击？', 1, 1, 1, 1, 4, '', '97%', 0, '2018-12-11 18:01:55', '2019-01-08 09:35:24');
INSERT INTO `novel_info` VALUES (23, '207000005', 'cover.jpg', '人皇', '十步行', 'ixdzs.com', '207000005', 3000000, 0, 207, 'Bizarre', 'zh-cn', 'Bizarre/207000005/content.opf', '这是一个不为人知的远古年代，比炎黄更遥远的祖先，大地苍茫，血气满天。这是一段属于人族的悲惨岁月，比厉鬼更凶残的百族，烈火焚城，战血纷纷。', 0, 0, 0, 0, 4, '', '97%', 0, '2018-12-11 18:01:55', '2019-01-08 10:42:28');
INSERT INTO `novel_info` VALUES (24, '207000006', 'cover.jpg', '杀神', '逆苍天', 'ixdzs.com', '207000006', 3000000, 0, 207, 'Bizarre', 'zh-cn', 'Bizarre/207000006/content.opf', '在这个人吃人的疯狂世界，神已无力回天，就让我踏着漫天诸神的累累尸骨来普渡这芸芸众生。', 0, 0, 0, 0, 4, '', '97%', 0, '2018-12-11 18:01:55', '2019-01-07 14:45:47');
INSERT INTO `novel_info` VALUES (25, '207000007', 'cover.jpg', '神印王座', '唐家三少', 'ixdzs.com', '207000007', 3000000, 0, 207, 'Bizarre', 'zh-cn', 'Bizarre/207000007/content.opf', '魔族强势，在人类即将被灭绝之时，六大圣殿崛起，带领着人类守住最后的领土。一名少年，为救母加入骑士圣殿，奇迹、诡计，不断在他身上上演。', 0, 0, 0, 0, 4, '', '97%', 0, '2018-12-11 18:01:55', '2019-01-08 10:42:28');
INSERT INTO `novel_info` VALUES (34, '206000001', 'cover.jpg', '穿越时空之抗日特种兵', '烈阳化海', 'ixdzs.com', '206000001', 3000000, 0, 206, 'History', 'zh-cn', 'History/206000001/content.opf', '2008年一个特种兵在演戏中无意间穿越了时空隧道，进入了抗日战争爆发前的中国。他凭借自己的家族和自己所擅长的军事技术，把一群普通的家丁、新兵、土匪训练成了。', 0, 0, 0, 0, 3, '', '97%', 0, '2018-12-11 18:01:55', '2019-01-07 15:03:42');
INSERT INTO `novel_info` VALUES (35, '206000002', 'cover.jpg', '大剑帝国', '考拉彻彻', 'ixdzs.com', '206000002', 3000000, 0, 206, 'History', 'zh-cn', 'History/206000002/content.opf', '和大剑融合的方法？很简单！找到一把大剑，用它自戳心脏就行了！如果你成功活下来并长出类似纹身的大剑痕，恭喜你，成为了骄傲的大剑剑客！', 1, 1, 1, 1, 3, '', '97%', 0, '2018-12-11 18:01:55', '2019-01-08 10:42:28');
INSERT INTO `novel_info` VALUES (36, '208000001', 'cover.jpg', '碧血剑', '金庸', 'ixdzs.com', '208000001', 3000000, 0, 208, 'Wuxia', 'zh-cn', 'Wuxia/208000001/content.opf', '明朝崇祯六年，淳泥国人张朝唐在老师鼓励之下，到中原求取功名。不料，路上被盗贼追赶，逃亡时误闯入一座山中，遇到明朝大将袁崇焕的一些旧部。', 0, 0, 0, 0, 5, '', '97%', 0, '2018-12-11 18:01:55', '2019-01-08 10:42:28');
INSERT INTO `novel_info` VALUES (37, '208000002', 'cover.jpg', '大唐双龙传', '黄易', 'ixdzs.com', '208000002', 3000000, 0, 208, 'Wuxia', 'zh-cn', 'Wuxia/208000002/content.opf', '隋朝末年，隋炀帝杨广好大喜功，内外失政，以致人心尽失，群雄割据，烽烟四起，形成一发不可收拾之乱局。', 1, 1, 1, 1, 5, '', '97%', 0, '2018-12-11 18:01:55', '2019-01-08 10:45:59');
INSERT INTO `novel_info` VALUES (38, '208000003', 'cover.jpg', '飞凤潜龙', '梁羽生', 'ixdzs.com', '208000003', 3000000, 0, 208, 'Wuxia', 'zh-cn', 'Wuxia/208000003/content.opf', '研经院士的考场上，一位由檀元帅推荐的少年鲁世雄，通过了医术、武术的测试，却被送进牢狱。随后又经历了一场意料不到的考试，终于赢得了金国皇叔完颜长之的重重考验，成为验经院士。', 0, 0, 0, 0, 5, '', '97%', 0, '2018-12-11 18:01:55', '2019-01-08 10:45:59');
INSERT INTO `novel_info` VALUES (39, '208000004', 'cover.jpg', '剑神一笑', '古龙', 'ixdzs.com', '208000004', 3000000, 0, 208, 'Wuxia', 'zh-cn', 'Wuxia/208000004/content.opf', '本套书分为四本，主要内容分为七部分，即陆小凤传奇、绣花大盗、决战前后、银钩赌坊、幽灵山庄、风舞九天、剑神一笑。', 0, 0, 0, 0, 5, '', '97%', 0, '2018-12-11 18:01:55', '2019-01-08 10:50:10');
INSERT INTO `novel_info` VALUES (40, '208000005', 'cover.jpg', '烈火如歌', '明晓溪', 'ixdzs.com', '208000005', 3000000, 0, 208, 'Wuxia', 'zh-cn', 'Wuxia/208000005/content.opf', '在最显眼处高高悬挂一张纯金打造的大榜，金光灿灿，吸引着每个进入的客人住足仰望。这就是品花楼的绝色名花排行榜。从上往下依次是品花楼当月最受欢迎十大名花的坐次。', 1, 1, 1, 1, 5, '', '97%', 0, '2018-12-11 18:01:55', '2019-01-08 10:45:59');
INSERT INTO `novel_info` VALUES (41, '208000006', 'cover.jpg', '陆小凤传奇', '古龙', 'ixdzs.com', '208000006', 3000000, 0, 208, 'Wuxia', 'zh-cn', 'Wuxia/208000006/content.opf', '《陆小凤传奇》是大家耳熟能详的古龙经典武侠名作，为武侠大师古龙代表作品', 0, 0, 0, 0, 5, '', '97%', 0, '2018-12-11 18:01:55', '2019-01-08 10:51:44');
INSERT INTO `novel_info` VALUES (42, '208000007', 'cover.jpg', '七剑下天山', '梁羽生', 'ixdzs.com', '208000007', 3000000, 0, 208, 'Wuxia', 'zh-cn', 'Wuxia/208000007/content.opf', '笑江湖浪迹十年游，空负少年头。对铜驼巷陌，吟情渺渺，心事悠悠！酒冷诗残梦断，南国正清秋。把剑凄然望，无处招归舟。明日天涯路远，问谁留楚佩，弄影中洲？数英雄儿女，俯仰古今愁。', 0, 0, 0, 0, 5, '', '97%', 0, '2018-12-11 18:01:55', '2019-01-08 10:45:59');
INSERT INTO `novel_info` VALUES (43, '206000003', 'cover.jpg', '二战之救赎', '烟斗烤玉米', 'ixdzs.com', '206000003', 3000000, 0, 206, 'History', 'zh-cn', 'History/206000003/content.opf', '一个九零后年轻人穿越到二战中的北非战场，附身在一名德国党卫军中校身上。身负救赎重任，不知是他在战争中救赎那些无辜的被战争伤害到的平民，还是战争最终救赎了他本已迷失的灵魂。', 0, 0, 0, 0, 3, '', '97%', 0, '2018-12-11 18:01:55', '2019-01-08 10:45:59');
INSERT INTO `novel_info` VALUES (44, '206000004', 'cover.jpg', '极品少帅', '云无风', 'ixdzs.com', '206000004', 3000000, 0, 206, 'History', 'zh-cn', 'History/206000004/content.opf', '辽国衰落，女真初起，大魏为图富强而变法，却反而弄得民不聊生。北疆少帅云铮拥天下精兵，虎踞河北山西，原想扶危。', 0, 0, 0, 0, 3, '', '97%', 0, '2018-12-11 18:01:55', '2019-01-07 13:50:55');
INSERT INTO `novel_info` VALUES (45, '206000005', 'cover.jpg', '甲午之华夏新史', '终极侧位', 'ixdzs.com', '206000005', 3000000, 0, 206, 'History', 'zh-cn', 'History/206000005/content.opf', '中日甲午战争，一场让国人痛心不已的反侵略战争，一场让中国彻底滑入半殖民地半封建社会深渊的战争。一位普通的共和国海军士兵徐杰在执行任务中意外穿越到了1889年意大利。', 0, 0, 0, 0, 3, '', '97%', 0, '2018-12-11 18:01:55', '2019-01-08 10:45:59');
INSERT INTO `novel_info` VALUES (46, '206000006', 'cover.jpg', '抗日之精英特战队', '红色尖兵战队', 'ixdzs.com', '206000006', 3000000, 0, 206, 'History', 'zh-cn', 'History/206000006/content.opf', '穿越到了1931，又恰逢日寇侵华，身为男儿自当舍身抗日；号称恶魔教官的罗霄，率领麾下虎牙。', 0, 0, 0, 0, 3, '', '97%', 0, '2018-12-11 18:01:55', '2019-01-08 09:35:24');
INSERT INTO `novel_info` VALUES (47, '201000001', 'cover.jpg', '大主宰', '天蚕土豆', 'ixdzs.com', '201000001', 3000000, 0, 201, 'Fantasy', 'zh-cn', 'Fantasy/201000001/content.opf', '大千世界，位面交汇，万族林立，群雄荟萃，一位位来自下位面的天之至尊，在这无尽世界，演绎着令人向往的传奇，追求着那主宰之路。', 1, 1, 1, 1, 1, '', '97%', 0, '2018-12-11 18:01:55', '2019-01-08 10:45:59');
INSERT INTO `novel_info` VALUES (48, '201000002', 'cover.jpg', '将夜', '猫腻', 'ixdzs.com', '201000002', 3000000, 0, 201, 'Fantasy', 'zh-cn', 'Fantasy/201000002/content.opf', '一段可歌可泣可笑可爱的草根崛起史。一个物质要求宁滥勿缺的开朗少年行。书院后山里永恒回荡着他疑惑的声音：宁可永劫受沉沦，不从诸圣求解脱？', 0, 0, 0, 0, 1, '', '97%', 0, '2018-12-11 18:01:55', '2019-01-07 15:04:24');
INSERT INTO `novel_info` VALUES (49, '201000003', 'cover.jpg', '灵域', '逆苍天', 'ixdzs.com', '201000003', 3000000, 0, 201, 'Fantasy', 'zh-cn', 'Fantasy/201000003/content.opf', '三万年前，自称为“神”的搏天族入侵灵域，百族奋起反抗，最终惨败，人族率先投诚，百族随后相继臣服。之后万年，所有种族皆被搏天族奴役，被严酷对待，生活在恐', 0, 0, 0, 0, 1, '', '97%', 0, '2018-12-11 18:01:55', '2019-01-08 09:35:24');
INSERT INTO `novel_info` VALUES (50, '201000004', 'cover.jpg', '天域苍穹', '风凌天下', 'ixdzs.com', '201000004', 3000000, 0, 201, 'Fantasy', 'zh-cn', 'Fantasy/201000004/content.opf', '笑尽天下英雄，宇内我为君主！万水千山，以我为尊；八荒六合，唯我称雄！我欲舞风云，凌天下，踏天域，登苍穹！谁可争锋？诸君可愿陪我，并肩凌天下，琼霄风云舞，征战这天域苍穹？', 0, 0, 0, 0, 1, '', '97%', 0, '2018-12-11 18:01:55', '2019-01-08 09:35:24');
INSERT INTO `novel_info` VALUES (51, '201000005', 'cover.jpg', '完美世界', '辰东', 'ixdzs.com', '201000005', 3000000, 0, 201, 'Fantasy', 'zh-cn', 'Fantasy/201000005/content.opf', '一粒尘可填海，一根草斩尽日月星辰，弹指间天翻地覆。群雄并起，万族林立，诸圣争霸，乱天动地。问苍茫大地，谁主沉浮？！一个少年从大荒中走出，一切从这里开始', 0, 0, 0, 0, 1, '', '97%', 0, '2018-12-11 18:01:55', '2019-01-07 14:07:11');
INSERT INTO `novel_info` VALUES (52, '201000006', 'cover.jpg', '我欲封天', '耳根', 'ixdzs.com', '201000006', 3000000, 0, 201, 'Fantasy', 'zh-cn', 'Fantasy/201000006/content.opf', '我若要有，天不可无。我若要无，天不许有！这是一个起始于第八山与第九山之间的故事，一个“我命如妖欲封天”的世界！', 0, 0, 0, 0, 1, '', '97%', 0, '2018-12-11 18:01:55', '2019-01-08 09:35:24');
INSERT INTO `novel_info` VALUES (53, '201000007', 'cover.jpg', '雪中悍刀行', '烽火戏诸侯', 'ixdzs.com', '201000007', 3000000, 0, 201, 'Fantasy', 'zh-cn', 'Fantasy/201000007/content.opf', '有个白狐儿脸，佩双刀绣冬春雷，要做那天下第一。湖底有白发老魁爱吃荤。缺门牙老仆背剑匣。山上有个骑青牛的年轻师叔祖，不敢下山。', 0, 0, 0, 0, 1, '', '97%', 0, '2018-12-11 18:01:55', '2019-01-08 10:45:59');
INSERT INTO `novel_info` VALUES (54, '201000008', 'cover.jpg', '武神空间', '傅啸尘', 'ixdzs.com', '201000008', 3000000, 0, 201, 'Fantasy', 'zh-cn', 'Fantasy/201000008/content.opf', '叶希文本只是地球上一个普通的大学生，却意外穿越到了一个名为真武界的世界！在这个世界中，强大的武者能翻山倒海，毁天灭地！', 0, 0, 0, 0, 1, '', '97%', 0, '2018-12-11 18:01:55', '2019-01-08 10:45:59');
INSERT INTO `novel_info` VALUES (55, '201000009', 'cover.jpg', '阴阳师异界游', '耗子欺负猫', 'ixdzs.com', '201000009', 3000000, 0, 201, 'Fantasy', 'zh-cn', 'Fantasy/201000009/content.opf', '一代绝世阴阳师，穿越到了异界。手舞风起，飞叶皆可杀人！指动念生，瞬息风鸣水涌！碎石甲骨，占卜祸兮旦福！纸符泼墨，也有鬼神之力！', 0, 0, 0, 0, 1, '', '97%', 0, '2018-12-11 18:01:55', '2019-01-07 14:09:35');
INSERT INTO `novel_info` VALUES (56, '201000010', 'cover.jpg', '择天记', '猫腻', 'ixdzs.com', '201000010', 3000000, 0, 201, 'Fantasy', 'zh-cn', 'Fantasy/201000010/content.opf', '太初元年，有神石从天而降，四散人间。传说得观神石碑文者可知天机。神石自此成为人间圣物，天下因此纷乱久矣。直至人族联合西域妖族，将魔族驱赶到极地草原，方始承平。', 1, 1, 1, 1, 1, '', '97%', 0, '2018-12-11 18:01:55', '2019-01-08 10:45:59');
INSERT INTO `novel_info` VALUES (58, '209000008', 'cover.jpg', '死人经', '冰临神下', 'ixdzs.com', '209000008', 3000000, 0, 209, 'Xianxia', 'zh-cn', 'Xianxia/209000008/content.opf', '为不善乎显明之中者，人得而诛之；为不善于幽闭之中者，鬼得而诛之。一本死人经，半部无道书。你要么忍受世界的不公，要么成为世界的主宰。刀光剑影中，他要寻求真理。', 0, 0, 0, 0, 6, '', '97%', 0, '2018-12-11 18:01:55', '2019-01-08 09:35:24');
INSERT INTO `novel_info` VALUES (59, '209000009', 'cover.jpg', '不朽凡人', '鹅是老五', 'ixdzs.com', '209000009', 3000000, 0, 209, 'Xianxia', 'zh-cn', 'Xianxia/209000009/content.opf', '我，只有凡根，一介凡人！我，叫莫无忌！我，要不朽！', 0, 0, 0, 0, 6, '', '97%', 0, '2018-12-11 18:01:55', '2019-01-08 09:35:24');
INSERT INTO `novel_info` VALUES (60, '209000010', 'cover.jpg', '一念永恒', '耳根', 'ixdzs.com', '209000010', 3000000, 0, 209, 'Xianxia', 'zh-cn', 'Xianxia/209000010/content.opf', '一念成沧海，一念化桑田。一念斩千魔，一念诛万仙。唯我念……永恒', 1, 1, 1, 1, 6, '', '97%', 0, '2018-12-11 18:01:55', '2019-01-07 15:05:02');
INSERT INTO `novel_info` VALUES (61, '209000011', 'cover.jpg', '造化之门', '鹅是老五', 'ixdzs.com', '209000011', 3000000, 0, 209, 'Xianxia', 'zh-cn', 'Xianxia/209000011/content.opf', '这是一个支离破碎的角落，这是一个被遗忘的世界。那一天，是宁城最失意的时候，那一天，他被硬生生的带到了这里。', 0, 0, 0, 0, 6, '', '97%', 0, '2018-12-11 18:01:55', '2019-01-08 10:50:10');
INSERT INTO `novel_info` VALUES (67, '210000001', 'cover.jpg', '冰帝校园行', '三分钟热度', 'ixdzs.com', '210000001', 3000000, 0, 210, 'Campus', 'zh-cn', 'Campus/210000001/content.opf', '因特殊体质而被逐出家门的火家小少爷火炎，被一股神秘的精神力引进了一座神秘的冰宫圣殿。在这不属于任何空间的冰宫里，自身的能力被唤醒，还得到了冰之力的传承。潜修3年后的他修为已经大有所', 0, 0, 0, 0, 7, '', '97%', 0, '2018-12-11 18:01:56', '2019-01-08 09:35:24');
INSERT INTO `novel_info` VALUES (69, '208000008', 'cover.jpg', '群龙之首', '温瑞安', 'ixdzs.com', '208000008', 3000000, 0, 208, 'Wuxia', 'zh-cn', 'Wuxia/208000008/content.opf', '失手。事败。他们立刻撤走。他们四人这次的行动堪称“胆大包天”。就是因为这计划委实胆大疯狂，足以举世皆惊，他们才肯出手、才愿行动！他们这次的行动是刺杀一个人。', 0, 0, 0, 0, 5, '', '97%', 0, '2018-12-11 18:01:56', '2019-01-08 10:50:10');
INSERT INTO `novel_info` VALUES (70, '208000009', 'cover.jpg', '射雕英雄传', '金庸', 'ixdzs.com', '208000009', 3000000, 0, 208, 'Wuxia', 'zh-cn', 'Wuxia/208000009/content.opf', '《书剑恩仇录》是金庸的首部长篇武侠小说，又名《书剑江山》，著于1955年。小说描写清朝乾隆年间，江南武林帮会红花会为反清复明，与清廷斗智斗勇的故事', 0, 0, 0, 0, 5, '', '97%', 0, '2018-12-11 18:01:56', '2019-01-08 10:51:44');
INSERT INTO `novel_info` VALUES (71, '208000010', 'cover.jpg', '神雕侠侣', '金庸', 'ixdzs.com', '208000010', 3000000, 0, 208, 'Wuxia', 'zh-cn', 'Wuxia/208000010/content.opf', '《神雕侠侣》是“射雕三部曲”系列第二部，现收录在《金庸作品集》中。上承《射雕英雄传》，下接《倚天屠龙记》。是金庸先生在武侠小说创作上的一个里程碑。', 1, 1, 1, 1, 5, '', '97%', 0, '2018-12-11 18:01:56', '2019-01-08 10:50:10');
INSERT INTO `novel_info` VALUES (72, '208000011', 'cover.jpg', '四大名捕会京师', '温瑞安', 'ixdzs.com', '208000011', 3000000, 0, 208, 'Wuxia', 'zh-cn', 'Wuxia/208000011/content.opf', '“十二把刀”已经杀了第八个镖师，只剩下两名镖师，还在死力苦撑着。不过苦撑也撑不了多久，十名镖师合力联手尚且死了八名，剩下的两名再打也没有用，可是为了自己的性命', 0, 0, 0, 0, 5, '', '97%', 0, '2018-12-11 18:01:56', '2019-01-08 10:51:44');
INSERT INTO `novel_info` VALUES (73, '208000012', 'cover.jpg', '武林天骄', '梁羽生', 'ixdzs.com', '208000012', 3000000, 0, 208, 'Wuxia', 'zh-cn', 'Wuxia/208000012/content.opf', '明朝中后期，金刀寨主周山民名震天下，他率领金刀寨义军内抗暴政，外抗入侵之敌。因而致使明王朝与其敌国瓦剌大汗都对金刀寨恨之入骨，必欲除之而后快。', 0, 0, 0, 0, 5, '', '97%', 0, '2018-12-11 18:01:56', '2019-01-08 10:50:10');
INSERT INTO `novel_info` VALUES (74, '208000013', 'cover.jpg', '倚天屠龙记', '金庸', 'ixdzs.com', '208000013', 3000000, 0, 208, 'Wuxia', 'zh-cn', 'Wuxia/208000013/content.opf', '《倚天屠龙记》是武侠大师金庸的长篇小说，1961年所著，是“射雕三部曲”系列第三部。故事时间前后跨度一百年，以元末群雄纷起、江湖动荡为广阔背景，剧情围绕两样兵器屠龙刀和倚天剑展开。', 0, 0, 0, 0, 5, '', '97%', 0, '2018-12-11 18:01:56', '2019-01-08 10:50:10');
INSERT INTO `novel_info` VALUES (75, '208000014', 'cover.jpg', '幽灵山庄', '古龙', 'ixdzs.com', '208000014', 3000000, 0, 208, 'Wuxia', 'zh-cn', 'Wuxia/208000014/content.opf', '陆小凤传奇之幽灵山庄是根据古龙的武侠小说《陆小凤传奇》改编而成。本片编导在准确把握原著精髓，成功塑造人物时，既忠于古龙先生的原著', 0, 0, 0, 0, 5, '', '97%', 0, '2018-12-11 18:01:56', '2019-01-08 10:51:44');
INSERT INTO `novel_info` VALUES (76, '204000012', 'cover.jpg', '重生之红星传奇', '豫西山人', 'ixdzs.com', '204000012', 3000000, 0, 204, 'Military', 'zh-cn', 'Military/204000012/content.opf', '谨以此书献给为了民族解放而奋斗的先烈们！感谢朋友们贡献出来的群，大家有兴趣，可以加入聊天。', 1, 1, 1, 1, 2, '', '97%', 0, '2018-12-11 18:01:56', '2019-01-08 09:35:24');
INSERT INTO `novel_info` VALUES (86, '207000008', 'cover.jpg', '师士传说', '方想', 'ixdzs.com', '207000008', 3000000, 0, 207, 'Bizarre', 'zh-cn', 'Bizarre/207000008/content.opf', '想要让从未和女人打过交道的叶重建立一个美丑的标准无疑是一件十分浩大的工程。叶重完全从一个实战角度出发，双腿太纤细了，无法提供足够的爆发力，双手皮肤那么细嫩，抗打击能力一定糟糕透顶', 0, 0, 0, 0, 4, '', '97%', 0, '2018-12-11 18:01:56', '2019-01-08 09:35:24');
INSERT INTO `novel_info` VALUES (110, '209000012', 'cover.jpg', '斩仙', '任怨', 'ixdzs.com', '209000012', 3000000, 0, 209, 'Xianxia', 'zh-cn', 'Xianxia/209000012/content.opf', '前世，杨晨与人为善，却被欺压一生。重生，杨晨选择成为刽子手，鬼头刀下了断恩怨，斩仙台上斩尽苍生。人界斩人！妖界斩妖！魔界斩魔！仙界斩仙！', 0, 0, 0, 0, 6, '', '97%', 0, '2018-12-11 18:01:56', '2019-01-07 11:41:40');
INSERT INTO `novel_info` VALUES (111, '209000013', 'cover.jpg', '遮天', '辰东', 'ixdzs.com', '209000013', 3000000, 0, 209, 'Xianxia', 'zh-cn', 'Xianxia/209000013/content.opf', '冰冷与黑暗并存的宇宙深处，九具庞大的龙尸拉着一口青铜古棺，亘古长存。这是太空探测器在枯寂的宇宙中捕捉到的一幅极其震撼的画面。', 0, 0, 0, 0, 6, '', '97%', 0, '2018-12-11 18:01:57', '2019-01-08 10:50:10');
INSERT INTO `novel_info` VALUES (112, '209000014', 'cover.jpg', '紫府仙缘', '百里玺', 'ixdzs.com', '209000014', 3000000, 0, 209, 'Xianxia', 'zh-cn', 'Xianxia/209000014/content.opf', '一个饥荒年代为了果腹而离乡的少年，从采药开始走向修真，炼药、尝毒草、试药……在这个饿殍满地的世道，如同杂草般顽强的生存了下来。修真、炼气、筑基、结丹、元婴，一边在仙侠世界里修真采药。', 1, 1, 1, 1, 6, '', '97%', 0, '2018-12-11 18:01:57', '2019-01-08 09:35:24');
INSERT INTO `novel_info` VALUES (135, '210000002', 'cover.jpg', '风流小淘气', '浪漫校园', 'ixdzs.com', '210000002', 3000000, 0, 210, 'Campus', 'zh-cn', 'Campus/210000002/content.opf', '美丽多情的她初到人间就变成了男人追逐的目标，兄弟为了她反目成仇。有着邪恶因子的魔族王子也为了她不惜使用任何手段，为了她，多年的朋友成为了敌人。黑道已因为她弄得风波不断，为', 0, 0, 0, 0, 7, '', '97%', 0, '2018-12-11 18:01:57', '2019-01-08 09:35:24');
INSERT INTO `novel_info` VALUES (136, '210000003', 'cover.jpg', '疯狂校园', '沧海一梦', 'ixdzs.com', '210000003', 3000000, 0, 210, 'Campus', 'zh-cn', 'Campus/210000003/content.opf', '前传：美国最大的华人组织的少帮主--林天，由于日本三合会的纠缠，只身一人来到慕尼黑，偶然中住在漂亮的单身母亲馨雨的家里，而且遇到来此留学的漂亮女孩秦琴，并接下照顾秦琴的任务', 1, 1, 1, 1, 7, '', '97%', 0, '2018-12-11 18:01:57', '2019-01-08 09:35:24');
INSERT INTO `novel_info` VALUES (137, '210000004', 'cover.jpg', '功夫少女闯校园', '冷心刺猬', 'ixdzs.com', '210000004', 3000000, 0, 210, 'Campus', 'zh-cn', 'Campus/210000004/content.opf', '她――易飞儿，一个从小习武的个性女孩，为了练习爷爷所说的轻功而伪装成了一个肥妞进入高中校园。', 1, 1, 1, 1, 7, '', '97%', 0, '2018-12-11 18:01:57', '2019-01-08 10:50:10');
INSERT INTO `novel_info` VALUES (138, '210000005', 'cover.jpg', '女生寝室2：灵异校园', '沈醉天', 'ixdzs.com', '210000005', 3000000, 0, 210, 'Campus', 'zh-cn', 'Campus/210000005/content.opf', '南江医学院发生了一件奇怪的谋杀案，校卫队成员梅干和女友两人深夜在校园的草地里约会，却看到了传说中的树妖。梅干吓得落荒而逃，女友被树妖掳去，后被发现惨死在小树林里。刑警队长萧强奉命调', 0, 0, 0, 0, 7, '', '97%', 0, '2018-12-11 18:01:57', '2019-01-07 15:05:49');
INSERT INTO `novel_info` VALUES (139, '210000006', 'cover.jpg', '玩转校园', '妮`', 'ixdzs.com', '210000006', 3000000, 0, 210, 'Campus', 'zh-cn', 'Campus/210000006/content.opf', '她,成为男生令女生尖叫,成为女生令男生疯狂......在去学校找姐姐时,意外碰到几个月前遇到的“混蛋”家伙,女装的她吸引了他.和他争执下竟丢掉了保存十几年的初吻,还硬被说成了他的女朋友。', 0, 0, 0, 0, 7, '', '97%', 0, '2018-12-11 18:01:57', '2019-01-08 10:47:32');
INSERT INTO `novel_info` VALUES (140, '210000007', 'cover.jpg', '未来校园畅想曲', '山峰长白草', 'ixdzs.com', '210000007', 3000000, 0, 210, 'Campus', 'zh-cn', 'Campus/210000007/content.opf', '一个自称为神的晶体，懵懂的少年，故事就从少年得到晶体的那一刻开始了。害羞的学姐，机灵可爱的小妹，娇憨的师姐。。。种马？后宫？不，现在，暧昧才是王道啊。。', 0, 0, 0, 0, 7, '', '97%', 0, '2018-12-11 18:01:57', '2019-01-08 09:35:24');
INSERT INTO `novel_info` VALUES (160, '207000009', 'cover.jpg', '无尽武装', '缘分0', 'ixdzs.com', '207000009', 3000000, 0, 207, 'Bizarre', 'zh-cn', 'Bizarre/207000009/content.opf', '这里是天堂，因为这里拥有地球上拥有的一切。所有你渴望的而又得不到的，在这里都可以得到；这里是地狱，因为每个人都要在这里艰苦挣扎。', 0, 0, 0, 0, 4, '', '97%', 0, '2018-12-11 18:01:58', '2019-01-08 10:39:23');
INSERT INTO `novel_info` VALUES (161, '207000010', 'cover.jpg', '武动乾坤', '天蚕土豆', 'ixdzs.com', '207000010', 3000000, 0, 207, 'Bizarre', 'zh-cn', 'Bizarre/207000010/content.opf', '修炼一途，乃窃阴阳，夺造化，转涅盘，握生死，掌轮回。武之极，破苍穹，动乾坤！', 1, 1, 1, 1, 4, '', '97%', 0, '2018-12-11 18:01:58', '2019-01-08 09:35:24');
INSERT INTO `novel_info` VALUES (162, '207000011', 'cover.jpg', '一世之尊', '爱潜水的乌贼', 'ixdzs.com', '207000011', 3000000, 0, 207, 'Bizarre', 'zh-cn', 'Bizarre/207000011/content.opf', '我这一生，不问前尘，不求来世，只轰轰烈烈，快意恩仇，败尽各族英杰，傲笑六道神魔！万年之后，大劫再启，如来金身，元始道体，孰强孰弱，如来神掌，截天七式。', 0, 0, 0, 0, 4, '', '97%', 0, '2018-12-11 18:01:58', '2019-01-08 09:35:24');
INSERT INTO `novel_info` VALUES (217, '212000001', 'cover.jpg', '黑暗文明', '古羲', 'ixdzs.com', '212000001', 3000000, 0, 212, 'Mystery', 'zh-cn', 'Mystery/212000001/content.opf', '当夜色落下帷幕。黑暗降临世间。一个后世称为“黑暗”的大时代来临，人类展开了又一次的新进化。如果不成功，代价就是灭绝！', 0, 0, 0, 0, 8, '', '97%', 0, '2018-12-11 18:01:59', '2019-01-08 10:39:23');
INSERT INTO `novel_info` VALUES (218, '212000002', 'cover.jpg', '基因入侵', '钱难有', 'ixdzs.com', '212000002', 3000000, 0, 212, 'Mystery', 'zh-cn', 'Mystery/212000002/content.opf', '这是一个基因大爆炸的时代，这是一个全物种大进化的时代，力大无穷弹跳如同巨型蚂蚱的天赋进化者。', 0, 0, 0, 0, 8, '', '97%', 0, '2018-12-11 18:01:59', '2019-01-08 10:39:23');
INSERT INTO `novel_info` VALUES (219, '212000003', 'cover.jpg', '金田一猫咪之事件簿', '天翎', 'ixdzs.com', '212000003', 3000000, 0, 212, 'Mystery', 'zh-cn', 'Mystery/212000003/content.opf', '（本文非同人，乃原创本格推理！）这个时代大叔侦探老啦，美少女侦探罗莉啦，帅哥侦探种马啦，只有猫咪侦探才是王道。', 0, 0, 0, 0, 8, '', '97%', 0, '2018-12-11 18:01:59', '2019-01-08 09:36:31');
INSERT INTO `novel_info` VALUES (220, '212000004', 'cover.jpg', '惊世俏巫医', '第一场雪', 'ixdzs.com', '212000004', 3000000, 0, 212, 'Mystery', 'zh-cn', 'Mystery/212000004/content.opf', '她是弃婴，废材，一个历经劫难的小女生。他是全球最顶尖的霸主，真容绝美，传承神秘，多变的身份和面孔让人无法捕捉他迷样的行踪和内心。', 1, 1, 1, 1, 8, '', '97%', 0, '2018-12-11 18:01:59', '2019-01-08 10:39:23');
INSERT INTO `novel_info` VALUES (221, '212000005', 'cover.jpg', '亡灵法师末世行', '六道沉沦', 'ixdzs.com', '212000005', 3000000, 0, 212, 'Mystery', 'zh-cn', 'Mystery/212000005/content.opf', '2012年，不是病毒爆发生化危机，也不是太阳风暴陷入黑暗，更不是冰川融化水泽成国，而是：恶魔降临生灵涂炭。', 1, 1, 1, 1, 8, '', '97%', 0, '2018-12-11 18:01:59', '2019-01-08 10:34:09');
INSERT INTO `novel_info` VALUES (222, '212000006', 'cover.jpg', '无敌寂寞', '话筒', 'ixdzs.com', '212000006', 3000000, 0, 212, 'Mystery', 'zh-cn', 'Mystery/212000006/content.opf', '科技与武技并重的文明背景，曾为天废人的费杰，被一颗从天而降的火球砸中后，他牛逼了。所以，他昂首挺胸，狠狠地，猛插入这个世间！不用像寻常武者一样苦练内功，他却能够将作用在身上的机械。', 0, 0, 0, 0, 8, '', '97%', 0, '2018-12-11 18:01:59', '2019-01-08 09:35:24');
INSERT INTO `novel_info` VALUES (223, '212000007', 'cover.jpg', '无限之召唤师传奇', '睁着眼胡说', 'ixdzs.com', '212000007', 3000000, 0, 212, 'Mystery', 'zh-cn', 'Mystery/212000007/content.opf', '“正常进入”无限恐怖轮回小队中洲队的某人，激活了召唤师的天赋，然后他便开始了一个召唤师的传奇……本书的开头可能略显yy了些，有刷分嫌疑，若是大家有耐心看下去的话，应该会改变这个看法。', 0, 0, 0, 0, 8, '', '97%', 0, '2018-12-11 18:01:59', '2019-01-08 10:34:09');
INSERT INTO `novel_info` VALUES (224, '212000008', 'cover.jpg', '新鬼实习生', '海诺奇', 'ixdzs.com', '212000008', 3000000, 0, 212, 'Mystery', 'zh-cn', 'Mystery/212000008/content.opf', '怎么样才能去触动你的笑神经，又怎么样才能在让你笑的时候，再吓唬你一下，让你的笑潜力在静寂中爆发，爱你们，我的读者，你们就是我的上帝，希望多送花花，多砸面包和奶酪，你们多砸砸手中的票。', 0, 0, 0, 0, 8, '', '97%', 0, '2018-12-11 18:01:59', '2019-01-07 11:44:01');
INSERT INTO `novel_info` VALUES (225, '212000009', 'cover.jpg', '星际杂货铺', '超级糊涂神', 'ixdzs.com', '212000009', 3000000, 0, 212, 'Mystery', 'zh-cn', 'Mystery/212000009/content.opf', '茫茫的星际，我只是一个小小的杂货铺老板！“什么？你要武器。没有没有，我是杂货铺，不是军火库。”林海推掉一个客人。“什么？虫族攻打过来了。没事的，给你驯兽饭团，搞定！”林海拿出十个。', 0, 0, 0, 0, 8, '', '97%', 0, '2018-12-11 18:01:59', '2019-01-08 09:35:24');
INSERT INTO `novel_info` VALUES (226, '212000010', 'cover.jpg', '总裁深情不悔', '纳兰静语', 'ixdzs.com', '212000010', 3000000, 0, 212, 'Mystery', 'zh-cn', 'Mystery/212000010/content.opf', '【女主身份：刑警，曾任FBI警探男主身份：卓亚集团总裁☆☆☆★红袖首部推理言情★☆☆☆【文案】五年前，在狭窄的车身中浑身浴血紧紧相拥的年轻男女，', 0, 0, 0, 0, 8, '', '97%', 0, '2018-12-11 18:01:59', '2019-01-08 10:39:23');
INSERT INTO `novel_info` VALUES (234, '206000007', 'cover.jpg', '满江红之崛起', '无语的命运', 'ixdzs.com', '206000007', 3000000, 0, 206, 'History', 'zh-cn', 'History/206000007/content.opf', '庚子泪，甲辰耻，炎黄恨，何时雪！愿英灵，永保金瓯无缺。魂魄化作精卫鸟，血花溅作红心草。看从今，一担好山河，英雄造。', 0, 0, 0, 0, 3, '', '97%', 0, '2018-12-11 18:01:59', '2019-01-07 13:52:35');
INSERT INTO `novel_info` VALUES (235, '206000008', 'cover.jpg', '禽兽不如的穿越女', '从零开始099', 'ixdzs.com', '206000008', 3000000, 0, 206, 'History', 'zh-cn', 'History/206000008/content.opf', '一天吃一顿饭的是天使，一天吃两顿饭的是凡人，一天吃三顿的，是禽兽。——中世纪欧洲谚语金手指+变速齿轮+架空+爽文', 0, 0, 0, 0, 3, '', '97%', 0, '2018-12-11 18:01:59', '2019-01-08 09:35:24');
INSERT INTO `novel_info` VALUES (236, '206000009', 'cover.jpg', '深闺', '弱颜', 'ixdzs.com', '206000009', 3000000, 0, 206, 'History', 'zh-cn', 'History/206000009/content.opf', '新婚不满两载，风刀霜剑，香消玉殒。心怀不甘的柳若姒睁开眼睛，发现自己重生到了那个改变她命运的清晨', 1, 1, 1, 1, 3, '', '97%', 0, '2018-12-11 18:01:59', '2019-01-07 13:53:18');
INSERT INTO `novel_info` VALUES (237, '206000010', 'cover.jpg', '铁翼鹰扬', '不笑生', 'ixdzs.com', '206000010', 3000000, 0, 206, 'History', 'zh-cn', 'History/206000010/content.opf', '《铁翼鹰扬》终于写完了，此刻新书《惊涛骇浪》已经上传，请诸位读者多多捧场。', 0, 0, 0, 0, 3, '', '97%', 0, '2018-12-11 18:01:59', '2019-01-07 13:53:38');
INSERT INTO `novel_info` VALUES (238, '206000011', 'cover.jpg', '新闯王', '为爱好裸奔', 'ixdzs.com', '206000011', 3000000, 0, 206, 'History', 'zh-cn', 'History/206000011/content.opf', '你们的穿越都是为将为相，我的穿越却成了流民，命运何其不公？本想置身事外，但人和事推动着猪脚,一步步无奈加入到这改朝换代的历史洪流之中.主角也不是全能人。', 0, 0, 0, 0, 3, '', '97%', 0, '2018-12-11 18:01:59', '2019-01-08 09:35:24');
INSERT INTO `novel_info` VALUES (239, '208000015', 'cover.jpg', '岳小钗', '卧龙生', 'ixdzs.com', '208000015', 3000000, 0, 208, 'Wuxia', 'zh-cn', 'Wuxia/208000015/content.opf', '几度夕阳照残山，几度晓风拂明月。此刻天上无月，但室中有灯。一灯如豆，萧翎正对着孤灯出神。金花夫人抱伤而去，状似无情却有情。', 1, 1, 1, 1, 5, '', '97%', 0, '2018-12-11 18:01:59', '2019-01-08 10:39:23');
INSERT INTO `novel_info` VALUES (274, '206000012', 'cover.jpg', '新岳飞传奇', '椅岭散人', 'ixdzs.com', '206000012', 3000000, 0, 206, 'History', 'zh-cn', 'History/206000012/content.opf', '岳飞的双胞胎弟弟岳腾襁褓之中被抛弃,幸遇好心人相救,改名王子鹏。王子鹏和岳飞虽然是双胞胎兄弟,但性格迥然不同。', 0, 0, 0, 0, 3, '', '97%', 0, '2018-12-11 18:02:00', '2019-01-08 10:39:23');
INSERT INTO `novel_info` VALUES (275, '206000013', 'cover.jpg', '陨落星辰', '暗青', 'ixdzs.com', '206000013', 3000000, 0, 206, 'History', 'zh-cn', 'History/206000013/content.opf', '他是传说的传说的创世者，拥有古老的家族血脉，能预言古今，传说即将实现，大地分解，五大域独傲，幽帝望空，一别千年，还不回来吗？', 0, 0, 0, 0, 3, '', '97%', 0, '2018-12-11 18:02:00', '2019-01-08 10:39:23');
INSERT INTO `novel_info` VALUES (276, '206000014', 'cover.jpg', '重生之盛世官商', '骑鹤人', 'ixdzs.com', '206000014', 3000000, 0, 206, 'History', 'zh-cn', 'History/206000014/content.opf', '那一年，风云际会，大局待定。那一年，商界精英，涅槃重生。拥有年轻躯体，成熟思维的林熹，重回盛世。', 0, 0, 0, 0, 3, '', '97%', 0, '2018-12-11 18:02:00', '2019-01-08 10:39:23');
INSERT INTO `novel_info` VALUES (277, '206000015', 'cover.jpg', '资本大唐', '北冥老鱼', 'ixdzs.com', '206000015', 3000000, 0, 206, 'History', 'zh-cn', 'History/206000015/content.opf', '资本主义与殖民主义是一对双胞胎，殖民主义的诞生又必然伴随着奴隶贸易的兴起！某个丧尽天良的大唐第一资本家语。', 1, 1, 1, 1, 3, '', '97%', 0, '2018-12-11 18:02:00', '2019-01-08 10:39:23');
INSERT INTO `novel_info` VALUES (371, '210000008', 'cover.jpg', '校园怪谈之宿舍有鬼', '水儿＊烟如梦隐', 'ixdzs.com', '210000008', 3000000, 0, 210, 'Campus', 'zh-cn', 'Campus/210000008/content.opf', '富家小姐何璎珞不顾家人的反对，住进了学校的普通宿舍，却并想到和同学讲了一晚的鬼故事，竟然真的引鬼上身。', 0, 0, 0, 0, 7, '', '97%', 0, '2018-12-11 18:02:02', '2019-01-08 10:39:23');
INSERT INTO `novel_info` VALUES (394, '210000009', 'cover.jpg', '校园狂少', '巅峰的神', 'ixdzs.com', '210000009', 3000000, 0, 210, 'Campus', 'zh-cn', 'Campus/210000009/content.opf', '郭飞宇，身世显赫的极品少爷，经历家族十年的磨练后，张狂不可一世的他开始建立自己的帝国。他的商业帝国迅速崛起，震撼世人，成为世界之最，黑道也因他的出现拉开了新的帷幕，经过不断的扩张', 0, 0, 0, 0, 7, '', '97%', 0, '2018-12-11 18:02:03', '2019-01-07 15:07:03');
INSERT INTO `novel_info` VALUES (395, '210000010', 'cover.jpg', '校园篮球录', '程栋・符', 'ixdzs.com', '210000010', 3000000, 0, 210, 'Campus', 'zh-cn', 'Campus/210000010/content.opf', '一个为了他而苦练篮球的男孩，当他再次出现时，将会发生什么', 0, 0, 0, 0, 7, '', '97%', 0, '2018-12-11 18:02:03', '2019-01-07 14:28:03');
INSERT INTO `novel_info` VALUES (396, '210000011', 'cover.jpg', '校园同居生涯', '罟寞', 'ixdzs.com', '210000011', 3000000, 0, 210, 'Campus', 'zh-cn', 'Campus/210000011/content.opf', '宿舍爆出一阵大笑，接下来的话题自然就转到女人身上了。仔细想想，男人真他妈的贱，没有谁聊到女人不津津乐道的，特别是我们这些没有谈过恋爱的半大小伙子们，对女人尤为好奇。也许这就', 0, 0, 0, 0, 7, '', '97%', 0, '2018-12-11 18:02:03', '2019-01-07 15:07:14');
INSERT INTO `novel_info` VALUES (397, '210000012', 'cover.jpg', '校园往事', '梅小样', 'ixdzs.com', '210000012', 3000000, 0, 210, 'Campus', 'zh-cn', 'Campus/210000012/content.opf', '一群生于七十年代的女大学生，走进了同一所学校开始了教书生涯。然而，她们的不同命运也由此展开，友情，爱情，信任，背叛，让她们在被人们喻为象牙塔的校园中。', 0, 0, 0, 0, 7, '', '97%', 0, '2018-12-11 18:02:03', '2019-01-08 10:47:32');
INSERT INTO `novel_info` VALUES (398, '210000013', 'cover.jpg', '校园疑案', '如果如是', 'ixdzs.com', '210000013', 3000000, 0, 210, 'Campus', 'zh-cn', 'Campus/210000013/content.opf', '新月市私立大学的303号女生寝室发生了连续死亡事件！在短短的时间里，伊蕾的两位室友和她此生最重要的朋友都死于非命！好友的男友成为了惟一的嫌疑人', 0, 0, 0, 0, 7, '', '97%', 0, '2018-12-11 18:02:03', '2019-01-07 14:28:36');
INSERT INTO `novel_info` VALUES (451, '210000014', 'cover.jpg', '插班妞', '富乐吉萍', 'ixdzs.com', '210000014', 3000000, 0, 210, 'Campus', 'zh-cn', 'Campus/210000014/content.opf', '五岁那年，她是白雪公主，他是七个小矮人，他胆大包天的抢了王子的戏码。十六岁那年，她是插班妞，他是帅哥级校草，她早就记不住当年的戏码，可他却把她印刻在了心里。', 0, 0, 0, 0, 7, '', '97%', 0, '2018-12-11 18:02:04', '2019-01-08 10:39:23');
INSERT INTO `novel_info` VALUES (452, '210000015', 'cover.jpg', '超级校园小霸王', '失落的无赖', 'ixdzs.com', '210000015', 3000000, 0, 210, 'Campus', 'zh-cn', 'Campus/210000015/content.opf', '他出生在一个古武世家，是家族中的独子，他风流倜傥，机智勇敢，他带着为家族传宗接代的重任，走入了他18年一直梦想着的现实世界去寻找他的梦。故事是非常YY的，没办法，谁让现实如此的平淡呢。', 0, 0, 0, 0, 7, '', '97%', 0, '2018-12-11 18:02:04', '2019-01-07 14:29:19');
INSERT INTO `novel_info` VALUES (453, '210000016', 'cover.jpg', '都市启明星', '城市灯火', 'ixdzs.com', '210000016', 3000000, 0, 210, 'Campus', 'zh-cn', 'Campus/210000016/content.opf', '枚蕴藏着神秘力量的猫眼石，一段掩藏在历史湮尘中的铁血情仇。一个顶天立地纵横无双的男人，一段泪洒倾城的世纪之恋。都市里的故事，江湖中的恩怨。男人背负的责任，和一生牵挂的红颜。', 0, 0, 0, 0, 7, '', '97%', 0, '2018-12-11 18:02:04', '2019-01-08 09:35:24');
INSERT INTO `novel_info` VALUES (454, '210000017', 'cover.jpg', '都市桃花运', '孤单常量', 'ixdzs.com', '210000017', 3000000, 0, 210, 'Campus', 'zh-cn', 'Campus/210000017/content.opf', '班花、校花、警花、记者之花、商界之花、特种兵花，乱花渐欲迷人眼。萝莉、淑女、女王、虎狼熟女、冰山女神、性感娇娃，美女全都入怀来。有了《采花系统》，青涩小男生苏克，越来越把持不住了。', 0, 0, 0, 0, 7, '', '97%', 0, '2018-12-11 18:02:04', '2019-01-08 09:35:24');
INSERT INTO `novel_info` VALUES (455, '210000018', 'cover.jpg', '风流道士在校园', '独醉人', 'ixdzs.com', '210000018', 3000000, 0, 210, 'Campus', 'zh-cn', 'Campus/210000018/content.opf', '一个现代道士在大学校园的精彩故事，一个大学男孩的非凡人生历程。优秀的男人是靠自己的光辉吸引女人的。yy无极限，欢笑乐无边。', 0, 0, 0, 0, 7, '', '97%', 0, '2018-12-11 18:02:04', '2019-01-08 09:35:24');
INSERT INTO `novel_info` VALUES (456, '210000019', 'cover.jpg', '很纯很暧昧', '鱼人二代', 'ixdzs.com', '210000019', 3000000, 0, 210, 'Campus', 'zh-cn', 'Campus/210000019/content.opf', '杨明是一名高三学生。在一次意外中救了一个老头，作为答谢老头给了他一副高科技眼镜！最无敌的是，这副眼镜不但能远视、透视、还能看清别人的想法，并且还能升级！', 0, 0, 0, 0, 7, '', '97%', 0, '2018-12-11 18:02:04', '2019-01-08 10:39:23');
INSERT INTO `novel_info` VALUES (457, '210000020', 'cover.jpg', '蜜爱成婚', '忘川哑鱼', 'ixdzs.com', '210000020', 3000000, 0, 210, 'Campus', 'zh-cn', 'Campus/210000020/content.opf', '为了救母亲，她不惜扮丑，蓄意接近他，却被他的霸道与温柔逼得失心失身，奈何真相曝光后，他冷酷无情逼她另嫁，却又对她纠缠不清。', 0, 0, 0, 0, 7, '', '97%', 0, '2018-12-11 18:02:04', '2019-01-08 10:39:23');
INSERT INTO `novel_info` VALUES (458, '210000021', 'cover.jpg', '神医相师', '左手', 'ixdzs.com', '210000021', 3000000, 0, 210, 'Campus', 'zh-cn', 'Campus/210000021/content.opf', '救了特种兵王一命的楚南选择低调生活，高科技的东西，咱不懂，咱只发扬华夏的传统国粹。一盒妙手银针，一部风水相书，一手失传古武，且看楚南如何纵横花丛，光耀.', 0, 0, 0, 0, 7, '', '97%', 0, '2018-12-11 18:02:04', '2019-01-07 14:31:34');
INSERT INTO `novel_info` VALUES (463, '210000022', 'cover.jpg', '特工重生在校园', '吃草的老羊', 'ixdzs.com', '210000022', 3000000, 0, 210, 'Campus', 'zh-cn', 'Campus/210000022/content.opf', '讲述了一个特工重生后无限卖萌的故事，前世遭受的背叛，那些自以为是的可怜人，终被她一一踩在脚下！', 0, 0, 0, 0, 7, '', '97%', 0, '2018-12-11 18:02:04', '2019-01-08 09:35:24');
INSERT INTO `novel_info` VALUES (464, '210000023', 'cover.jpg', '武皇校园行', '剑弑天下', 'ixdzs.com', '210000023', 3000000, 0, 210, 'Campus', 'zh-cn', 'Campus/210000023/content.opf', '千年前的灵魂，穿越到车祸而脑死亡的少年身上，开始了逍遥惬意的校园生活。美好都市生活背后却隐秘着不为人知的江湖世界，错综复杂的武林世家关系，力量强悍的异能组织纷纷登上舞台，且看少年如', 0, 0, 0, 0, 7, '', '97%', 0, '2018-12-11 18:02:04', '2019-01-07 14:32:46');
INSERT INTO `novel_info` VALUES (465, '210000024', 'cover.jpg', '校园全能高手', '安山狐狸', 'ixdzs.com', '210000024', 3000000, 0, 210, 'Campus', 'zh-cn', 'Campus/210000024/content.opf', '受尽别人白眼，在人生的低谷之际，季枫得到了未来的科技产品，拥有了神奇的能力，从此他的人生变得不再平凡！透视功能，赌石无往不利。未来科技，让季枫成就商业。', 0, 0, 0, 0, 7, '', '97%', 0, '2018-12-11 18:02:04', '2019-01-07 14:33:36');
COMMIT;

-- ----------------------------
-- Table structure for novel_chapter
-- ----------------------------
DROP TABLE IF EXISTS `novel_chapter`;
CREATE TABLE `novel_chapter` (
  `chapter_id` varchar(32) NOT NULL COMMENT '章节id，主键id',
  `chapter_name` varchar(256) NOT NULL COMMENT '章节名称',
  `book_id` int(11) UNSIGNED NOT NULL COMMENT '章节所属小说id',
  `chapter_content` blob NOT NULL COMMENT '章节内容',
  `chapter_url` varchar(256) NOT NULL COMMENT '章节链接url',
  `chapter_index` int(8) UNSIGNED NOT NULL COMMENT '章节索引',
  `create_time` timestamp(0) NOT NULL DEFAULT CURRENT_TIMESTAMP(0) COMMENT '创建时间',
  `update_time` timestamp(0) NOT NULL DEFAULT CURRENT_TIMESTAMP(0) ON UPDATE CURRENT_TIMESTAMP(0) COMMENT '更新时间',
  PRIMARY KEY (`chapter_id`) USING BTREE,
  UNIQUE INDEX `uidx_chapter_name`(`chapter_name`) USING BTREE,
  UNIQUE INDEX `uidx_book_id`(`book_id`) USING BTREE
) ENGINE = InnoDB CHARACTER SET = utf8mb4 COLLATE = utf8mb4_general_ci COMMENT = '小说章节信息记录表' ROW_FORMAT = Dynamic;
-- ----------------------------
-- Records of novel_info
-- ----------------------------


-- ----------------------------
-- Table structure for order_detail
-- ----------------------------
DROP TABLE IF EXISTS `order_detail`;
CREATE TABLE `order_detail` (
  `detail_id` varchar(32) NOT NULL COMMENT '详情id，主键',
  `order_id` varchar(32) NOT NULL COMMENT '订单id',
  `product_id` varchar(32) NOT NULL COMMENT '书币商品id',
  `buyer_openid` varchar(64) NOT NULL COMMENT '买家微信openid',
  `product_name` varchar(64) NOT NULL COMMENT '书币商品名称',
  `product_price` decimal(8,2) UNSIGNED NOT NULL COMMENT '书币商品单价',
  `product_quantity` decimal(8,0) UNSIGNED NOT NULL COMMENT '购买书币数量',
  `product_give_quantity` decimal(8,0) NULL DEFAULT NULL COMMENT '赠送书币数量',
  `product_description` varchar(1024) NULL DEFAULT NULL COMMENT '书币产品描述',
  `pay_time` timestamp(0) NULL DEFAULT NULL COMMENT '会员支付时间',
  `end_time` timestamp(0) NULL DEFAULT NULL COMMENT '会员结束时间',
  `create_time` timestamp(0) NOT NULL DEFAULT CURRENT_TIMESTAMP(0) COMMENT '创建时间',
  `update_time` timestamp(0) NOT NULL DEFAULT CURRENT_TIMESTAMP(0) ON UPDATE CURRENT_TIMESTAMP(0) COMMENT '更新时间',
  PRIMARY KEY (`detail_id`) USING BTREE,
  KEY `key_order_id` (`order_id`) USING BTREE,
  KEY `key_product_id` (`product_id`) USING BTREE,
  KEY `key_buyer_openid` (`buyer_openid`) USING BTREE
) ENGINE=InnoDB DEFAULT CHARACTER SET = utf8mb4 COLLATE = utf8mb4_general_ci COMMENT='订单详情记录表' ROW_FORMAT = Dynamic;

-- ----------------------------
-- Records of order_detail
-- ----------------------------
BEGIN;
INSERT INTO `order_detail` VALUES ('07c6f70133154dba91906aa38b366d37', '201901162253259963da1d3c08809444', 'b6a51d414ca742cb81f94b69b0423a7c', 'oSkiNv4fBXYxidv0wU_U0UDHNP4M', '5,000书币', 0.01, 5000, 3000, '充值5,000书币', NULL, NULL, '2019-01-16 22:53:26', '2019-01-16 22:53:26');
INSERT INTO `order_detail` VALUES ('0a2a3363387146cb93da214d0f02dcf1', '2019011209070300854347899ea194c5', 'b6a51d414ca742cb81f94b69b0423a7c', 'oSkiNv4fBXYxidv0wU_U0UDHNP4M', '5,000书币', 0.01, 5000, 3000, '充值5,000书币', NULL, NULL, '2019-01-12 09:07:03', '2019-01-12 09:07:03');
INSERT INTO `order_detail` VALUES ('19b5f2e9ead94992847142fbaea77080', '20190111155859888f6f3b12341e9489', 'b6a51d414ca742cb81f94b69b0423a7c', 'oSkiNv4fBXYxidv0wU_U0UDHNP4M', '5,000书币', 0.01, 50, 3000, '充值5,000书币', '2019-01-11 15:59:12', '2019-01-11 15:59:12', '2019-01-11 15:59:01', '2019-01-11 15:59:12');
INSERT INTO `order_detail` VALUES ('21a658490bab4e6aa1478c1eb9a5ab37', '20190118095637209e942dcfbb74544c', '6329c34dd3fd45de86e02fe7f4973b93', 'oSkiNv4fBXYxidv0wU_U0UDHNP4M', '1,000书币', 0.01, 1000, 0, '充值1,000书币', NULL, NULL, '2019-01-18 09:57:57', '2019-01-18 09:57:57');
INSERT INTO `order_detail` VALUES ('21ddda1ad5694f1cadbb4ae0bde2d08e', '201901162252566100e02eacdab3b43a', '5ff041a3da12455b83546e2987741a10', 'oSkiNv4fBXYxidv0wU_U0UDHNP4M', '年度会员', 0.00, 0, 0, '充值年度会员，所有书免费看一年，年度会员', NULL, NULL, '2019-01-16 22:52:57', '2019-01-16 22:52:57');
INSERT INTO `order_detail` VALUES ('253453d201854f44bf0223f04c384b1e', '201901121224461496881c64ab710482', 'b6a51d414ca742cb81f94b69b0423a7c', 'oSkiNv-mHD9NY6Ybt0PUt-T_NX9w', '5,000书币', 0.01, 5000, 3000, '充值5,000书币', NULL, NULL, '2019-01-12 12:24:46', '2019-01-12 12:24:46');
INSERT INTO `order_detail` VALUES ('263f263d542b485fb8181b30d02ed814', '2019011622533606319933365daf14f3', '6329c34dd3fd45de86e02fe7f4973b93', 'oSkiNv4fBXYxidv0wU_U0UDHNP4M', '1,000书币', 0.01, 1000, 0, '充值1,000书币', NULL, NULL, '2019-01-16 22:53:36', '2019-01-16 22:53:36');
INSERT INTO `order_detail` VALUES ('2fbbbff18732473eab54c2a529f48b18', '2019011708392167835d8f91673be43b', 'e23b37ef6f874d1ca7ea107c1d0c338a', 'oSkiNv4fBXYxidv0wU_U0UDHNP4M', '3,000书币', 0.01, 3000, 0, '充值3,000书币', NULL, NULL, '2019-01-17 08:39:22', '2019-01-17 08:39:22');
INSERT INTO `order_detail` VALUES ('32747a950b9a4cafb34e25220098a2aa', '2019011623173346698eef7e8db9649a', '6329c34dd3fd45de86e02fe7f4973b93', 'oSkiNv4fBXYxidv0wU_U0UDHNP4M', '1,000书币', 0.01, 1000, 0, '充值1,000书币', NULL, NULL, '2019-01-16 23:17:33', '2019-01-16 23:17:33');
INSERT INTO `order_detail` VALUES ('363875a899a84e168518b4ccab8787a4', '2019011621304336481fb6267e05249a', '5ff041a3da12455b83546e2987741a10', 'oSkiNv4fBXYxidv0wU_U0UDHNP4M', '年度会员', 0.00, 0, 0, '充值年度会员，所有书免费看一年，年度会员', NULL, NULL, '2019-01-16 21:30:44', '2019-01-16 21:30:44');
INSERT INTO `order_detail` VALUES ('36e2afcf5e55492fbca4994bcf479e27', '20190115041039604c6868f84a07047f', 'b6a51d414ca742cb81f94b69b0423a7c', 'oSkiNv4fBXYxidv0wU_U0UDHNP4M', '5,000书币', 0.01, 5000, 3000, '充值5,000书币', NULL, NULL, '2019-01-15 04:10:40', '2019-01-15 04:10:40');
INSERT INTO `order_detail` VALUES ('3f81a3c4eceb46e9ad625ec0ce80ae3e', '20190121152040313b9cac66999fd48c', 'b6a51d414ca742cb81f94b69b0423a7c', 'oSkiNv4fBXYxidv0wU_U0UDHNP4M', '5,000书币', 0.01, 5000, 3000, '充值5,000书币', NULL, NULL, '2019-01-21 15:20:41', '2019-01-21 15:20:41');
INSERT INTO `order_detail` VALUES ('4247b779214b4522951c471eba59c6ee', '20190116231720670969cc8d6d821426', '5ff041a3da12455b83546e2987741a10', 'oSkiNv4fBXYxidv0wU_U0UDHNP4M', '年度会员', 0.00, 0, 0, '充值年度会员，所有书免费看一年，年度会员', NULL, NULL, '2019-01-16 23:17:21', '2019-01-16 23:17:21');
INSERT INTO `order_detail` VALUES ('42778d231a444bf3996f26502a799102', '20190117091107419fb1050114e6d419', 'b6a51d414ca742cb81f94b69b0423a7c', 'oSkiNv4fBXYxidv0wU_U0UDHNP4M', '5,000书币', 0.01, 5000, 3000, '充值5,000书币', NULL, NULL, '2019-01-17 09:12:28', '2019-01-17 09:12:28');
INSERT INTO `order_detail` VALUES ('4296a0053b364e3eaab00388f0718766', '20190112055928764e547a31d7b27455', 'b6a51d414ca742cb81f94b69b0423a7c', 'oSkiNv4fBXYxidv0wU_U0UDHNP4M', '5,000书币', 0.01, 5000, 3000, '充值5,000书币', NULL, NULL, '2019-01-12 05:59:29', '2019-01-12 05:59:29');
INSERT INTO `order_detail` VALUES ('4bbe651502e64d8baa317925d380e092', '201901111600109291d00806655bb44c', '6329c34dd3fd45de86e02fe7f4973b93', 'oSkiNv4fBXYxidv0wU_U0UDHNP4M', '1,000书币', 0.01, 10, 0, '充值1,000书币', '2019-01-11 16:00:18', '2019-01-11 16:00:18', '2019-01-11 16:00:11', '2019-01-11 16:00:18');
INSERT INTO `order_detail` VALUES ('5ec365d5d4d94537936427ce14cca138', '2019011618403154010839a447cdc474', '5ff041a3da12455b83546e2987741a10', 'oSkiNv4fBXYxidv0wU_U0UDHNP4M', '年度会员', 0.00, 0, 0, '充值年度会员，所有书免费看一年，年度会员', NULL, NULL, '2019-01-16 18:40:32', '2019-01-16 18:40:32');
INSERT INTO `order_detail` VALUES ('6b89b53b615440868ff1d251c263769d', '201901120734262174fb07a93fc7346a', 'b6a51d414ca742cb81f94b69b0423a7c', 'oSkiNv4fBXYxidv0wU_U0UDHNP4M', '5,000书币', 0.01, 5000, 3000, '充值5,000书币', NULL, NULL, '2019-01-12 07:34:26', '2019-01-12 07:34:26');
INSERT INTO `order_detail` VALUES ('6c90801bdb20424ca53345ccc47c26e2', '201901141859125026f0b392ea2be42f', '5ff041a3da12455b83546e2987741a10', 'oSkiNv4fBXYxidv0wU_U0UDHNP4M', '年度会员', 0.00, 0, 0, '充值年度会员，所有书免费看一年，年度会员', NULL, NULL, '2019-01-14 18:59:13', '2019-01-14 18:59:13');
INSERT INTO `order_detail` VALUES ('6ee65bbd0196474093a41a2187d52124', '201901161017424659c8c0913c20d4d8', '5ff041a3da12455b83546e2987741a10', 'oSkiNv4fBXYxidv0wU_U0UDHNP4M', '年度会员', 0.00, 0, 0, '充值年度会员，所有书免费看一年，年度会员', NULL, NULL, '2019-01-16 10:17:42', '2019-01-16 10:17:42');
INSERT INTO `order_detail` VALUES ('70ee617a80d14240bfa78a1d428f133f', '20190111173516608f18b5258e50f411', 'b6a51d414ca742cb81f94b69b0423a7c', 'oSkiNv_DW2MfAAskiD7BDKw2w8TQ', '5,000书币', 0.01, 5000, 3000, '充值5,000书币', NULL, NULL, '2019-01-11 17:35:16', '2019-01-11 17:35:16');
INSERT INTO `order_detail` VALUES ('79f9a833024e42acb1bb0f659371906c', '20190111172500587454e6c6fc3624a2', 'b6a51d414ca742cb81f94b69b0423a7c', 'oSkiNv4fBXYxidv0wU_U0UDHNP4M', '5,000书币', 0.01, 5000, 3000, '充值5,000书币', NULL, NULL, '2019-01-11 17:25:00', '2019-01-11 17:25:00');
INSERT INTO `order_detail` VALUES ('7e642183741a4b0cbca293d42f083e4f', '20190118094514169005675927afa434', 'b6a51d414ca742cb81f94b69b0423a7c', 'oSkiNv4fBXYxidv0wU_U0UDHNP4M', '5,000书币', 0.01, 5000, 3000, '充值5,000书币', NULL, NULL, '2019-01-18 09:46:34', '2019-01-18 09:46:34');
INSERT INTO `order_detail` VALUES ('83d0b5976ee34d23ae5040c443da49d4', '20190111220558675660057cfb353438', 'b6a51d414ca742cb81f94b69b0423a7c', 'oSkiNv_DW2MfAAskiD7BDKw2w8TQ', '5,000书币', 0.01, 5000, 3000, '充值5,000书币', NULL, NULL, '2019-01-11 22:05:59', '2019-01-11 22:05:59');
INSERT INTO `order_detail` VALUES ('97f408e77311434aa8334437a706e5b5', '2019011121222150194206a2470c44d9', '5ff041a3da12455b83546e2987741a10', 'oSkiNv4fBXYxidv0wU_U0UDHNP4M', '年度会员', 0.00, 0, 0, '充值年度会员，所有书免费看一年，年度会员', NULL, NULL, '2019-01-11 21:22:21', '2019-01-11 21:22:21');
INSERT INTO `order_detail` VALUES ('a2b045d176594897be264a0b42d5ea64', '201901180943281851dd0b45728cb471', 'b6a51d414ca742cb81f94b69b0423a7c', 'oSkiNv4fBXYxidv0wU_U0UDHNP4M', '5,000书币', 0.01, 5000, 3000, '充值5,000书币', NULL, NULL, '2019-01-18 09:44:48', '2019-01-18 09:44:48');
INSERT INTO `order_detail` VALUES ('a3afda01773b438f80daeadcfeeac29c', '20190120073143312379a93e298f249f', 'b6a51d414ca742cb81f94b69b0423a7c', 'oSkiNv_DW2MfAAskiD7BDKw2w8TQ', '5,000书币', 0.01, 5000, 3000, '充值5,000书币', NULL, NULL, '2019-01-20 07:31:44', '2019-01-20 07:31:44');
INSERT INTO `order_detail` VALUES ('aab039e7bfb6438a8d9c907915cdf46f', '20190121152111569d42d35cedfbd4b0', 'e23b37ef6f874d1ca7ea107c1d0c338a', 'oSkiNv4fBXYxidv0wU_U0UDHNP4M', '3,000书币', 0.01, 3000, 0, '充值3,000书币', NULL, NULL, '2019-01-21 15:21:12', '2019-01-21 15:21:12');
INSERT INTO `order_detail` VALUES ('bda1569e924649598f790de39c7d4f49', '201901111846375586cd8ca7ddd99430', 'b6a51d414ca742cb81f94b69b0423a7c', 'oSkiNv4fBXYxidv0wU_U0UDHNP4M', '5,000书币', 0.01, 5000, 3000, '充值5,000书币', NULL, NULL, '2019-01-11 18:46:37', '2019-01-11 18:46:37');
INSERT INTO `order_detail` VALUES ('bee1c17452de4c998ce513900ff087e3', '201901111610438715a506474b62842e', '5ff041a3da12455b83546e2987741a10', 'oSkiNv_DW2MfAAskiD7BDKw2w8TQ', '年度会员', 0.00, 0, 0, '充值年度会员，所有书免费看一年，年度会员', NULL, NULL, '2019-01-11 16:10:44', '2019-01-11 16:10:44');
INSERT INTO `order_detail` VALUES ('c3d9982888c640d9b9416a4142b716d3', '20190115200614748f86fe054326041b', '5ff041a3da12455b83546e2987741a10', 'oSkiNv_DW2MfAAskiD7BDKw2w8TQ', '年度会员', 0.00, 0, 0, '充值年度会员，所有书免费看一年，年度会员', NULL, NULL, '2019-01-15 20:06:15', '2019-01-15 20:06:15');
INSERT INTO `order_detail` VALUES ('c676e1bb24234561a25b2e4123ab2015', '20190111160649036e8305fd6db9247b', '6329c34dd3fd45de86e02fe7f4973b93', 'oSkiNv_DW2MfAAskiD7BDKw2w8TQ', '1,000书币', 0.01, 10, 0, '充值1,000书币', NULL, NULL, '2019-01-11 16:06:49', '2019-01-11 16:06:49');
INSERT INTO `order_detail` VALUES ('c7d841f9d4b74ab996997a1370a231c8', '201901161842015365f8f3b6004c0451', '80edd2c1503249debecd2ce523f1fa12', 'oSkiNv4fBXYxidv0wU_U0UDHNP4M', '季度会员', 0.00, 0, 0, '充值季度会员，所有书免费看三个月，季度会员', NULL, NULL, '2019-01-16 18:42:02', '2019-01-16 18:42:02');
INSERT INTO `order_detail` VALUES ('cc204bd72dea4659b1154fe98267b199', '201901162322443987ce5980ed73d4e7', 'e23b37ef6f874d1ca7ea107c1d0c338a', 'oSkiNv_DW2MfAAskiD7BDKw2w8TQ', '3,000书币', 0.01, 3000, 0, '充值3,000书币', NULL, NULL, '2019-01-16 23:22:44', '2019-01-16 23:22:44');
INSERT INTO `order_detail` VALUES ('ce9644564a3f440882cd1137212affd5', '20190111161013267d4c6982b7b15455', 'b6a51d414ca742cb81f94b69b0423a7c', 'oSkiNv4fBXYxidv0wU_U0UDHNP4M', '5,000书币', 0.01, 5000, 3000, '充值5,000书币', NULL, NULL, '2019-01-11 16:10:13', '2019-01-11 16:10:13');
INSERT INTO `order_detail` VALUES ('d160ed33b7d94d3d92b0752a3eef7df0', '20190111160701809713e4e28a958454', 'b6a51d414ca742cb81f94b69b0423a7c', 'oSkiNv_DW2MfAAskiD7BDKw2w8TQ', '5,000书币', 0.01, 50, 3000, '充值5,000书币', NULL, NULL, '2019-01-11 16:07:02', '2019-01-11 16:07:02');
INSERT INTO `order_detail` VALUES ('d7ff95423e9843efab6f4a19e8dc37cd', '201901112122093960c5a5a564d0c4fc', 'b6a51d414ca742cb81f94b69b0423a7c', 'oSkiNv4fBXYxidv0wU_U0UDHNP4M', '5,000书币', 0.01, 5000, 3000, '充值5,000书币', NULL, NULL, '2019-01-11 21:22:09', '2019-01-11 21:22:09');
INSERT INTO `order_detail` VALUES ('d85eeba5d8db4db29d4d387a5ff5225e', '2019011623014537583e192a74d16453', 'b6a51d414ca742cb81f94b69b0423a7c', 'oSkiNv4fBXYxidv0wU_U0UDHNP4M', '5,000书币', 0.01, 5000, 3000, '充值5,000书币', NULL, NULL, '2019-01-16 23:01:45', '2019-01-16 23:01:45');
INSERT INTO `order_detail` VALUES ('dc8351f31e7b4f4fb7931ddf943275d3', '201901161843461898db5593d089a4ae', 'b6a51d414ca742cb81f94b69b0423a7c', 'oSkiNv4fBXYxidv0wU_U0UDHNP4M', '5,000书币', 0.01, 5000, 3000, '充值5,000书币', NULL, NULL, '2019-01-16 18:43:46', '2019-01-16 18:43:46');
INSERT INTO `order_detail` VALUES ('e50a7cf4d0e74b85a551ed333bdb3f94', '2019011118463853919e328c0d543460', 'b6a51d414ca742cb81f94b69b0423a7c', 'oSkiNv4fBXYxidv0wU_U0UDHNP4M', '5,000书币', 0.01, 5000, 3000, '充值5,000书币', NULL, NULL, '2019-01-11 18:46:38', '2019-01-11 18:46:38');
INSERT INTO `order_detail` VALUES ('e9eac8fd464942a380e23e7d0dbf0738', '201901211538010345821ca01a2c5420', '5ff041a3da12455b83546e2987741a10', 'oSkiNv4fBXYxidv0wU_U0UDHNP4M', '年度会员', 0.00, 0, 0, '充值年度会员，所有书免费看一年，年度会员', NULL, NULL, '2019-01-21 15:38:01', '2019-01-21 15:38:01');
INSERT INTO `order_detail` VALUES ('ea11388a06c743dea21e48424c049db7', '20190116184114231a2ba83f649a8471', '5ff041a3da12455b83546e2987741a10', 'oSkiNv4fBXYxidv0wU_U0UDHNP4M', '年度会员', 0.00, 0, 0, '充值年度会员，所有书免费看一年，年度会员', NULL, NULL, '2019-01-16 18:41:14', '2019-01-16 18:41:14');
INSERT INTO `order_detail` VALUES ('f06d88bcab1848b696071dec8499c3f1', '20190111161013928a115569d288a45f', 'b6a51d414ca742cb81f94b69b0423a7c', 'oSkiNv4fBXYxidv0wU_U0UDHNP4M', '5,000书币', 0.01, 5000, 3000, '充值5,000书币', NULL, NULL, '2019-01-11 16:10:14', '2019-01-11 16:10:14');
INSERT INTO `order_detail` VALUES ('fa1488fa7d5d4507b2049ed9258685e0', '20190111173757161e8761c46d06d451', 'b6a51d414ca742cb81f94b69b0423a7c', 'oSkiNv4fBXYxidv0wU_U0UDHNP4M', '5,000书币', 0.01, 5000, 3000, '充值5,000书币', NULL, NULL, '2019-01-11 17:37:57', '2019-01-11 17:37:57');
COMMIT;

-- ----------------------------
-- Table structure for order_master
-- ----------------------------
DROP TABLE IF EXISTS `order_master`;
CREATE TABLE `order_master` (
  `order_id` varchar(32) NOT NULL COMMENT '订单id，主键',
  `buyer_name` varchar(32) NOT NULL COMMENT '买家名字',
  `buyer_address` varchar(128) NOT NULL COMMENT '买家地址',
  `buyer_openid` varchar(64) NOT NULL COMMENT '买家微信openid',
  `order_amount` decimal(8,2) UNSIGNED NOT NULL COMMENT '订单总金额',
  `order_name` varchar(64) NULL DEFAULT NULL COMMENT '订单名称',
  `order_status` tinyint(4) UNSIGNED NOT NULL DEFAULT 0 COMMENT '订单状态，0-新订单；1-已完结；2-已取消，“默认：0-新订单”',
  `pay_status` tinyint(4) UNSIGNED NOT NULL DEFAULT 0 COMMENT '订单支付状态，0-等待支付；1-支付成功，“默认：0-等待支付”',
  `pay_time` timestamp(0) NULL DEFAULT NULL COMMENT '会员支付时间',
  `end_time` timestamp(0) NULL DEFAULT NULL COMMENT '会员结束时间',
  `create_time` timestamp(0) NOT NULL DEFAULT CURRENT_TIMESTAMP(0) COMMENT '创建时间',
  `update_time` timestamp(0) NOT NULL DEFAULT CURRENT_TIMESTAMP(0) ON UPDATE CURRENT_TIMESTAMP(0) COMMENT '更新时间',
  PRIMARY KEY (`order_id`) USING BTREE,
  KEY `key_buyer_openid` (`buyer_openid`) USING BTREE
) ENGINE=InnoDB DEFAULT CHARACTER SET = utf8mb4 COLLATE = utf8mb4_general_ci COMMENT='订单信息记录表' ROW_FORMAT = Dynamic;

-- ----------------------------
-- Records of order_master
-- ----------------------------
BEGIN;
INSERT INTO `order_master` VALUES ('20190111155859888f6f3b12341e9489', 'Jack', '中国广东深圳', 'oSkiNv4fBXYxidv0wU_U0UDHNP4M', 0.50, '5,000书币', 1, 1, NULL, NULL, '2019-01-11 15:59:01', '2019-01-16 16:25:22');
INSERT INTO `order_master` VALUES ('201901111600109291d00806655bb44c', 'Jack', '中国广东深圳', 'oSkiNv4fBXYxidv0wU_U0UDHNP4M', 0.10, '1,000书币', 0, 1, '2019-01-11 16:00:18', '2019-01-11 16:00:18', '2019-01-11 16:00:11', '2019-01-11 16:00:18');
INSERT INTO `order_master` VALUES ('20190111160649036e8305fd6db9247b', '腾龙', '中国广东深圳', 'oSkiNv_DW2MfAAskiD7BDKw2w8TQ', 0.10, '1,000书币', 0, 0, NULL, NULL, '2019-01-11 16:06:49', '2019-01-11 16:06:49');
INSERT INTO `order_master` VALUES ('20190111160701809713e4e28a958454', '腾龙', '中国广东深圳', 'oSkiNv_DW2MfAAskiD7BDKw2w8TQ', 0.50, '5,000书币', 0, 0, NULL, NULL, '2019-01-11 16:07:02', '2019-01-11 16:07:02');
INSERT INTO `order_master` VALUES ('20190111161013267d4c6982b7b15455', 'Jack', '中国广东深圳', 'oSkiNv4fBXYxidv0wU_U0UDHNP4M', 50.00, '5,000书币', 0, 0, NULL, NULL, '2019-01-11 16:10:13', '2019-01-11 16:10:13');
INSERT INTO `order_master` VALUES ('20190111161013928a115569d288a45f', 'Jack', '中国广东深圳', 'oSkiNv4fBXYxidv0wU_U0UDHNP4M', 50.00, '5,000书币', 0, 0, NULL, NULL, '2019-01-11 16:10:14', '2019-01-11 16:10:14');
INSERT INTO `order_master` VALUES ('201901111610438715a506474b62842e', '腾龙', '中国广东深圳', 'oSkiNv_DW2MfAAskiD7BDKw2w8TQ', 365.00, '年度会员', 0, 0, NULL, NULL, '2019-01-11 16:10:44', '2019-01-11 16:10:44');
INSERT INTO `order_master` VALUES ('20190111172500587454e6c6fc3624a2', 'Jack', '中国广东深圳', 'oSkiNv4fBXYxidv0wU_U0UDHNP4M', 50.00, '5,000书币', 0, 0, NULL, NULL, '2019-01-11 17:25:00', '2019-01-11 17:25:00');
INSERT INTO `order_master` VALUES ('20190111173516608f18b5258e50f411', '腾龙', '中国广东深圳', 'oSkiNv_DW2MfAAskiD7BDKw2w8TQ', 50.00, '5,000书币', 0, 0, NULL, NULL, '2019-01-11 17:35:16', '2019-01-11 17:35:16');
INSERT INTO `order_master` VALUES ('20190111173757161e8761c46d06d451', 'Jack', '中国广东深圳', 'oSkiNv4fBXYxidv0wU_U0UDHNP4M', 50.00, '5,000书币', 0, 0, NULL, NULL, '2019-01-11 17:37:57', '2019-01-11 17:37:57');
INSERT INTO `order_master` VALUES ('201901111846375586cd8ca7ddd99430', 'Jack', '中国广东深圳', 'oSkiNv4fBXYxidv0wU_U0UDHNP4M', 50.00, '5,000书币', 0, 0, NULL, NULL, '2019-01-11 18:46:38', '2019-01-11 18:46:38');
INSERT INTO `order_master` VALUES ('2019011118463853919e328c0d543460', 'Jack', '中国广东深圳', 'oSkiNv4fBXYxidv0wU_U0UDHNP4M', 50.00, '5,000书币', 0, 0, NULL, NULL, '2019-01-11 18:46:38', '2019-01-11 18:46:38');
INSERT INTO `order_master` VALUES ('201901112122093960c5a5a564d0c4fc', 'Jack', '中国广东深圳', 'oSkiNv4fBXYxidv0wU_U0UDHNP4M', 50.00, '5,000书币', 0, 0, NULL, NULL, '2019-01-11 21:22:09', '2019-01-11 21:22:09');
INSERT INTO `order_master` VALUES ('2019011121222150194206a2470c44d9', 'Jack', '中国广东深圳', 'oSkiNv4fBXYxidv0wU_U0UDHNP4M', 365.00, '年度会员', 0, 0, NULL, NULL, '2019-01-11 21:22:21', '2019-01-11 21:22:21');
INSERT INTO `order_master` VALUES ('20190111220558675660057cfb353438', '腾龙', '中国广东深圳', 'oSkiNv_DW2MfAAskiD7BDKw2w8TQ', 50.00, '5,000书币', 0, 0, NULL, NULL, '2019-01-11 22:05:59', '2019-01-11 22:05:59');
INSERT INTO `order_master` VALUES ('20190112055928764e547a31d7b27455', 'Jack', '中国广东深圳', 'oSkiNv4fBXYxidv0wU_U0UDHNP4M', 50.00, '5,000书币', 0, 0, NULL, NULL, '2019-01-12 05:59:29', '2019-01-12 05:59:29');
INSERT INTO `order_master` VALUES ('201901120734262174fb07a93fc7346a', 'Jack', '中国广东深圳', 'oSkiNv4fBXYxidv0wU_U0UDHNP4M', 50.00, '5,000书币', 0, 0, NULL, NULL, '2019-01-12 07:34:26', '2019-01-12 07:34:26');
INSERT INTO `order_master` VALUES ('2019011209070300854347899ea194c5', 'Jack', '中国广东深圳', 'oSkiNv4fBXYxidv0wU_U0UDHNP4M', 50.00, '5,000书币', 0, 0, NULL, NULL, '2019-01-12 09:07:03', '2019-01-12 09:07:03');
INSERT INTO `order_master` VALUES ('201901121224461496881c64ab710482', '腾龙', '中国广东佛山', 'oSkiNv-mHD9NY6Ybt0PUt-T_NX9w', 50.00, '5,000书币', 0, 0, NULL, NULL, '2019-01-12 12:24:46', '2019-01-12 12:24:46');
INSERT INTO `order_master` VALUES ('201901141859125026f0b392ea2be42f', 'Jack', '中国广东深圳', 'oSkiNv4fBXYxidv0wU_U0UDHNP4M', 365.00, '年度会员', 0, 0, NULL, NULL, '2019-01-14 18:59:13', '2019-01-14 18:59:13');
INSERT INTO `order_master` VALUES ('20190115041039604c6868f84a07047f', 'Jack', '中国广东深圳', 'oSkiNv4fBXYxidv0wU_U0UDHNP4M', 50.00, '5,000书币', 2, 0, NULL, NULL, '2019-01-15 04:10:40', '2019-01-16 16:24:17');
INSERT INTO `order_master` VALUES ('20190115200614748f86fe054326041b', '腾龙', '中国广东深圳', 'oSkiNv_DW2MfAAskiD7BDKw2w8TQ', 365.00, '年度会员', 1, 0, NULL, NULL, '2019-01-15 20:06:15', '2019-01-16 16:24:10');
INSERT INTO `order_master` VALUES ('201901161017424659c8c0913c20d4d8', 'Jack', '中国广东深圳', 'oSkiNv4fBXYxidv0wU_U0UDHNP4M', 365.00, '年度会员', 1, 0, NULL, NULL, '2019-01-16 10:17:42', '2019-01-16 16:21:25');
INSERT INTO `order_master` VALUES ('2019011618403154010839a447cdc474', 'Jack', '中国广东深圳', 'oSkiNv4fBXYxidv0wU_U0UDHNP4M', 365.00, '年度会员', 0, 0, NULL, NULL, '2019-01-16 18:40:32', '2019-01-16 18:40:32');
INSERT INTO `order_master` VALUES ('20190116184114231a2ba83f649a8471', 'Jack', '中国广东深圳', 'oSkiNv4fBXYxidv0wU_U0UDHNP4M', 365.00, '年度会员', 0, 0, NULL, NULL, '2019-01-16 18:41:14', '2019-01-16 18:41:14');
INSERT INTO `order_master` VALUES ('201901161842015365f8f3b6004c0451', 'Jack', '中国广东深圳', 'oSkiNv4fBXYxidv0wU_U0UDHNP4M', 180.00, '季度会员', 0, 0, NULL, NULL, '2019-01-16 18:42:02', '2019-01-16 18:42:02');
INSERT INTO `order_master` VALUES ('201901161843461898db5593d089a4ae', 'Jack', '中国广东深圳', 'oSkiNv4fBXYxidv0wU_U0UDHNP4M', 50.00, '5,000书币', 1, 0, NULL, NULL, '2019-01-16 18:43:46', '2019-01-16 18:44:36');
INSERT INTO `order_master` VALUES ('2019011621304336481fb6267e05249a', 'Jack', '中国广东深圳', 'oSkiNv4fBXYxidv0wU_U0UDHNP4M', 365.00, '年度会员', 0, 0, NULL, NULL, '2019-01-16 21:30:44', '2019-01-16 21:30:44');
INSERT INTO `order_master` VALUES ('201901162252566100e02eacdab3b43a', 'Jack', '中国广东深圳', 'oSkiNv4fBXYxidv0wU_U0UDHNP4M', 365.00, '年度会员', 0, 0, NULL, NULL, '2019-01-16 22:52:57', '2019-01-16 22:52:57');
INSERT INTO `order_master` VALUES ('201901162253259963da1d3c08809444', 'Jack', '中国广东深圳', 'oSkiNv4fBXYxidv0wU_U0UDHNP4M', 50.00, '5,000书币', 0, 0, NULL, NULL, '2019-01-16 22:53:26', '2019-01-16 22:53:26');
INSERT INTO `order_master` VALUES ('2019011622533606319933365daf14f3', 'Jack', '中国广东深圳', 'oSkiNv4fBXYxidv0wU_U0UDHNP4M', 10.00, '1,000书币', 0, 0, NULL, NULL, '2019-01-16 22:53:36', '2019-01-16 22:53:36');
INSERT INTO `order_master` VALUES ('2019011623014537583e192a74d16453', 'Jack', '中国广东深圳', 'oSkiNv4fBXYxidv0wU_U0UDHNP4M', 50.00, '5,000书币', 0, 0, NULL, NULL, '2019-01-16 23:01:45', '2019-01-16 23:01:45');
INSERT INTO `order_master` VALUES ('20190116231720670969cc8d6d821426', 'Jack', '中国广东深圳', 'oSkiNv4fBXYxidv0wU_U0UDHNP4M', 365.00, '年度会员', 0, 0, NULL, NULL, '2019-01-16 23:17:21', '2019-01-16 23:17:21');
INSERT INTO `order_master` VALUES ('2019011623173346698eef7e8db9649a', 'Jack', '中国广东深圳', 'oSkiNv4fBXYxidv0wU_U0UDHNP4M', 10.00, '1,000书币', 0, 0, NULL, NULL, '2019-01-16 23:17:33', '2019-01-16 23:17:33');
INSERT INTO `order_master` VALUES ('201901162322443987ce5980ed73d4e7', '腾龙', '中国广东深圳', 'oSkiNv_DW2MfAAskiD7BDKw2w8TQ', 30.00, '3,000书币', 0, 0, NULL, NULL, '2019-01-16 23:22:44', '2019-01-16 23:22:44');
INSERT INTO `order_master` VALUES ('2019011708392167835d8f91673be43b', 'Jack', '中国广东深圳', 'oSkiNv4fBXYxidv0wU_U0UDHNP4M', 30.00, '3,000书币', 0, 0, NULL, NULL, '2019-01-17 08:39:22', '2019-01-17 08:39:22');
INSERT INTO `order_master` VALUES ('20190117091107419fb1050114e6d419', 'Jack', '中国广东深圳', 'oSkiNv4fBXYxidv0wU_U0UDHNP4M', 50.00, '5,000书币', 0, 0, NULL, NULL, '2019-01-17 09:12:28', '2019-01-17 09:12:28');
INSERT INTO `order_master` VALUES ('201901180943281851dd0b45728cb471', 'Jack', '中国广东深圳', 'oSkiNv4fBXYxidv0wU_U0UDHNP4M', 50.00, '5,000书币', 0, 0, NULL, NULL, '2019-01-18 09:44:48', '2019-01-18 09:44:48');
INSERT INTO `order_master` VALUES ('20190118094514169005675927afa434', 'Jack', '中国广东深圳', 'oSkiNv4fBXYxidv0wU_U0UDHNP4M', 50.00, '5,000书币', 2, 0, NULL, NULL, '2019-01-18 09:46:34', '2019-01-18 11:58:16');
INSERT INTO `order_master` VALUES ('20190118095637209e942dcfbb74544c', 'Jack', '中国广东深圳', 'oSkiNv4fBXYxidv0wU_U0UDHNP4M', 10.00, '1,000书币', 1, 0, NULL, NULL, '2019-01-18 09:57:57', '2019-01-18 11:58:09');
INSERT INTO `order_master` VALUES ('20190120073143312379a93e298f249f', '腾龙', '中国广东深圳', 'oSkiNv_DW2MfAAskiD7BDKw2w8TQ', 50.00, '5,000书币', 0, 0, NULL, NULL, '2019-01-20 07:31:44', '2019-01-20 07:31:44');
INSERT INTO `order_master` VALUES ('20190121152040313b9cac66999fd48c', 'Jack', '中国广东深圳', 'oSkiNv4fBXYxidv0wU_U0UDHNP4M', 50.00, '5,000书币', 0, 0, NULL, NULL, '2019-01-21 15:20:41', '2019-01-21 15:20:41');
INSERT INTO `order_master` VALUES ('20190121152111569d42d35cedfbd4b0', 'Jack', '中国广东深圳', 'oSkiNv4fBXYxidv0wU_U0UDHNP4M', 30.00, '3,000书币', 0, 0, NULL, NULL, '2019-01-21 15:21:12', '2019-01-21 15:21:12');
INSERT INTO `order_master` VALUES ('201901211538010345821ca01a2c5420', 'Jack', '中国广东深圳', 'oSkiNv4fBXYxidv0wU_U0UDHNP4M', 365.00, '年度会员', 0, 0, NULL, NULL, '2019-01-21 15:38:01', '2019-01-21 15:38:01');
COMMIT;

-- ----------------------------
-- Table structure for product_info
-- ----------------------------
DROP TABLE IF EXISTS `product_info`;
CREATE TABLE `product_info` (
  `product_id` varchar(32) NOT NULL COMMENT '书币产品id，主键',
  `product_name` varchar(64) NOT NULL COMMENT '书币产品名称',
  `product_type` tinyint(4) unsigned NOT NULL DEFAULT '0' COMMENT '产品类型，0-书币，1-会员；默认0-书币',
  `product_price` decimal(8, 2) unsigned NOT NULL COMMENT '书币产品单价',
  `product_quantity` decimal(8, 0) DEFAULT NULL COMMENT '书币产品数量',
  `product_amount` decimal(8, 2) DEFAULT NULL COMMENT '产品总价',
  `product_give_quantity` decimal(8, 0) unsigned NOT NULL COMMENT '赠送数量',
  `product_rank` varchar(64) DEFAULT NULL COMMENT '排行',
  `product_description` varchar(1024) DEFAULT NULL COMMENT '书币产品描述',
  `create_time` timestamp(0) NOT NULL DEFAULT CURRENT_TIMESTAMP(0) COMMENT '创建时间',
  `update_time` timestamp(0) NOT NULL DEFAULT CURRENT_TIMESTAMP(0) ON UPDATE CURRENT_TIMESTAMP(0) COMMENT '修改时间',
  PRIMARY KEY (`product_id`) USING BTREE
) ENGINE=InnoDB DEFAULT CHARACTER SET = utf8mb4 COLLATE = utf8mb4_general_ci COMMENT='书币产品信息表'ROW_FORMAT = Dynamic;

-- ----------------------------
-- Records of product_info
-- ----------------------------
BEGIN;
INSERT INTO `product_info` VALUES ('0bfb552d4b0048a3afe4a49bf963b6ff', '10,000书币', 0, 0.01, 10000, 100.00, 5000, '兴趣专享', '充值10,000书币', '2019-01-08 17:11:50', '2019-01-11 16:09:05');
INSERT INTO `product_info` VALUES ('5ff041a3da12455b83546e2987741a10', '年度会员', 1, 0.00, 0, 365.00, 0, '超值专享', '充值年度会员，所有书免费看一年，年度会员', '2019-01-08 17:16:07', '2019-01-11 16:08:58');
INSERT INTO `product_info` VALUES ('6329c34dd3fd45de86e02fe7f4973b93', '1,000书币', 0, 0.01, 1000, 10.00, 0, '经济实惠', '充值1,000书币', '2019-01-08 17:06:08', '2019-01-11 16:08:53');
INSERT INTO `product_info` VALUES ('80edd2c1503249debecd2ce523f1fa12', '季度会员', 1, 0.00, 0, 180.00, 0, '热销专享', '充值季度会员，所有书免费看三个月，季度会员', '2019-01-08 17:15:21', '2019-01-11 16:08:49');
INSERT INTO `product_info` VALUES ('b6a51d414ca742cb81f94b69b0423a7c', '5,000书币', 0, 0.01, 5000, 50.00, 3000, '新人专享', '充值5,000书币', '2019-01-08 17:10:30', '2019-01-11 16:08:44');
INSERT INTO `product_info` VALUES ('e23b37ef6f874d1ca7ea107c1d0c338a', '3,000书币', 0, 0.01, 3000, 30.00, 0, '多而不贵', '充值3,000书币', '2019-01-08 17:07:25', '2019-01-11 16:08:40');
COMMIT;

-- ----------------------------
-- Table structure for seller_info
-- ----------------------------
DROP TABLE IF EXISTS `seller_info`;
CREATE TABLE `seller_info` (
  `seller_id` varchar(32) NOT NULL COMMENT '卖家id，主键',
  `seller_name` varchar(64) NOT NULL COMMENT '卖家名字',
  `password` varchar(64) NOT NULL COMMENT '登录密码',
  `openid` varchar(64) NOT NULL COMMENT '卖家微信openid',
  `login_time` timestamp NULL DEFAULT NULL COMMENT '登录时间',
  `login_ip` varchar(32) DEFAULT NULL COMMENT '登录终端ip',
  `create_time` timestamp(0) NOT NULL DEFAULT CURRENT_TIMESTAMP(0) COMMENT '创建时间',
  `update_time` timestamp(0) NOT NULL DEFAULT CURRENT_TIMESTAMP(0) ON UPDATE CURRENT_TIMESTAMP(0) COMMENT '修改时间',
  PRIMARY KEY (`seller_id`) USING BTREE,
  KEY `key_openid` (`openid`) USING BTREE
) ENGINE=InnoDB DEFAULT CHARACTER SET = utf8mb4 COLLATE = utf8mb4_general_ci COMMENT='卖家信息记录表' ROW_FORMAT = Dynamic;

-- ----------------------------
-- Records of seller_info
-- ----------------------------
BEGIN;
INSERT INTO `seller_info` VALUES ('0ed2ba762e364ce790661d86e59b162b', 'Jack', 'b814b812ec4b322e19fae7bb78d4d330', 'oSkiNv4fBXYxidv0wU_U0UDHNP4M', '2019-01-21 17:24:17', '183.14.30.126', '2017-12-17 21:18:22', '2019-01-21 17:24:17');
COMMIT;

-- ----------------------------
-- Table structure for user_info
-- ----------------------------
DROP TABLE IF EXISTS `user_info`;
CREATE TABLE `user_info` (
  `id` varchar(32) NOT NULL COMMENT '用户id',
  `uid` int(32) NOT NULL AUTO_INCREMENT COMMENT '标识',
  `privated_id` varchar(32) DEFAULT '' COMMENT '私密阅读id',
  `openid` varchar(64) DEFAULT '' COMMENT '微信openid',
  `nick_name` varchar(128) DEFAULT '' COMMENT '微信昵称',
  `gender` tinyint(4) unsigned NOT NULL DEFAULT '0' COMMENT '性别，2-女；1-男；0-未知，默认：“0-未知“',
  `subscribe` tinyint(4) unsigned NOT NULL DEFAULT '0' COMMENT '是否关注公众号，0-未关注；1-已关注；默认：“0-未关注“',
  `user_name` varchar(128) DEFAULT '' COMMENT '用户名',
  `signature` varchar(256) DEFAULT '' COMMENT '签名',
  `alt` varchar(256) DEFAULT '' COMMENT '个人主页URL',
  `lang` varchar(25) DEFAULT 'zh_CN' COMMENT '语言，zh_CN-中文（普通话）；en_US-英语（美式英语）；en_EG-英语（英式英语），默认：”zh_CN-中文（普通话）“',
  `city` varchar(25) DEFAULT '' COMMENT '城市',
  `province` varchar(25) DEFAULT '' COMMENT '省份',
  `country` varchar(25) DEFAULT '' COMMENT '国家',
  `avatar_url` varchar(255) DEFAULT '' COMMENT '微信头像URL',
  `balance` decimal(10, 0) unsigned DEFAULT '0' COMMENT '书币余额',
  `ip` varchar(25) DEFAULT '' COMMENT '客户端IP',
  `union_id` varchar(64) DEFAULT '' COMMENT '联合id',
  `watermark_timestamp` varchar(64) DEFAULT '' COMMENT '水印时间戳',
  `watermark_app_id` varchar(64) DEFAULT '' COMMENT '水印appid',
  `create_time` timestamp(0) NOT NULL DEFAULT CURRENT_TIMESTAMP(0) COMMENT '创建时间',
  `update_time` timestamp(0) NOT NULL DEFAULT CURRENT_TIMESTAMP(0) ON UPDATE CURRENT_TIMESTAMP(0) COMMENT '更新时间',
  `login_time` timestamp(0) NOT NULL DEFAULT CURRENT_TIMESTAMP(0) ON UPDATE CURRENT_TIMESTAMP(0) COMMENT '登录时间',
  `subscribe_time` timestamp NULL DEFAULT NULL COMMENT '关注公众号时间',
  PRIMARY KEY (`id`) USING BTREE,
  KEY `key_uid` (`uid`) USING BTREE,
  KEY `key_openid` (`openid`) USING BTREE
) ENGINE=InnoDB AUTO_INCREMENT=139 CHARACTER SET = utf8mb4 COLLATE = utf8mb4_general_ci COMMENT='用户信息记录表' ROW_FORMAT = Dynamic;

-- ----------------------------
-- Records of user_info
-- ----------------------------
BEGIN;
INSERT INTO `user_info` VALUES ('036a16dd9a8645f48dff1fd96af07877', '195', '179825-195', 'oSkiNvxBVnRuFYmGK88w6n_HP-Bo', '晴天°smile', '1', '1', null, null, null, 'zh_CN', '', '', '卢森堡', 'http://thirdwx.qlogo.cn/mmopen/uxaicsZZrWDQfvY3cEgCXwRuY9WkwuSAicdCC4yOLc8xg7GnPrOicz1tvnayFfCibNYACicwf7HgIA67IKQAA8I23a2ZMZR00EtBH/132', '0', '183.15.207.190', '036a16dd9a8645f4-179825-195', null, null, '2019-03-11 22:00:01', '2019-03-13 12:36:07', '2019-03-13 12:36:07', '2019-02-27 14:54:08');
INSERT INTO `user_info` VALUES ('060d7ffef8c945a09f6bfee10ca374bf', '259', '179825-259', 'oSkiNv59X9BMABt8oOW2-OvSvEQY', 'Jackwang', '1', '1', null, null, null, 'zh_CN', '深圳', '广东', '中国', 'http://thirdwx.qlogo.cn/mmopen/X79cK0ndqvckftHictH9Z03BS9iahsibweSXywMQz3fWM6TyticDmgF0amkuPnCoYHPcpTfJVYLs6dIXwapewPUicwcPuiaNzU5qPj/132', '0', '183.15.207.190', '060d7ffef8c945a0-179825-259', null, null, '2019-03-11 22:00:01', '2019-03-13 12:36:07', '2019-03-13 12:36:07', '2017-05-25 22:30:44');
INSERT INTO `user_info` VALUES ('06cf9355f3e1470d8491db6d0dd64416', '249', '179825-249', 'oSkiNv_pLE0qCc6XcdH14_ndUnZs', 'freebird', '2', '1', null, null, null, 'zh_CN', '深圳', '广东', '中国', 'http://thirdwx.qlogo.cn/mmopen/VHU8bI7BOJCiaicFlQMcibdIOfl0Cib0HBwCdwNQr7libJpia5LicwFYUicdIrZgMp4YUHjQ0hr6pCLRtyiaerSHO4icozuMYMJaexD4y5/132', '0', '183.15.207.190', '06cf9355f3e1470d-179825-249', null, null, '2019-03-11 22:00:01', '2019-03-13 12:36:07', '2019-03-13 12:36:07', '2017-10-17 18:23:39');
INSERT INTO `user_info` VALUES ('1bba8c69424d4666b11b4040156bd850', '257', '179825-257', 'oSkiNv2aqNk7jiexd5RL8lVLMd7w', '久伴', '0', '1', null, null, null, 'zh_CN', '', '', '', 'http://thirdwx.qlogo.cn/mmopen/McCU0RnROQdlAxN6cYFBB197LyH3kHwCUPozholKZAUUkQZ5cIXZY6MgQEutlp3g2bFWTfL0UTictAWf6pxvyHCuXTZfOpN9e/132', '0', '183.15.207.190', '1bba8c69424d4666-179825-257', null, null, '2019-03-11 22:00:01', '2019-03-13 12:36:07', '2019-03-13 12:36:07', '2019-03-04 13:47:19');
INSERT INTO `user_info` VALUES ('1c9846c4b5d743d9879493117a4ce5e1', '265', '179825-265', 'oSkiNvy7mGAZx7u-YdJY6ZZVIktY', '天空城市李洋洋', '0', '1', null, null, null, 'zh_CN', '', '', '', 'http://thirdwx.qlogo.cn/mmopen/Q3auHgzwzM4modb12EWswqr6SsYx2xxTbRw0z98VnZqIsbNEyxbsUoic9iccSKCsck8c1fP21ye4QWeIQrrUfolANZh9kK1YnwRcaZymlvDpk/132', '0', '183.15.207.190', '1c9846c4b5d743d9-179825-265', null, null, '2019-03-11 22:00:01', '2019-03-13 12:36:07', '2019-03-13 12:36:07', '2018-05-20 21:07:38');
INSERT INTO `user_info` VALUES ('27605e1e37ca4acd9253208504d417dc', '189', '179825-189', 'oSkiNvxL7EvrYWfIL9CN45Tpgwkg', '品茶悟道', '1', '1', null, null, null, 'zh_CN', '深圳', '广东', '中国', 'http://thirdwx.qlogo.cn/mmopen/Q3auHgzwzM5JdQLKKs4LrkObhQrNgjOxpgsUsECzvkuaoHTibcNXdgF0n1W7jHCFLyvsOJmTyMa137GPGp0nlkaY4c5jGY0fBukOF2D1TjIA/132', '0', '183.15.207.190', '27605e1e37ca4acd-179825-189', null, null, '2019-03-11 22:00:01', '2019-03-19 10:43:36', '2019-03-19 10:43:36', '2017-03-21 13:21:04');
INSERT INTO `user_info` VALUES ('3f5789b397974a3b8af5ee77cce0ad06', '213', '179825-213', 'oSkiNv4Nrb7kqIWmBOMIg_0NLVWQ', '一叶知秋', '1', '1', null, null, null, 'zh_CN', '深圳', '广东', '中国', 'http://thirdwx.qlogo.cn/mmopen/24Y7ZMJctnYiclW897qRrouDH1CYPicib3e1vheia6euNLqBwf0r1VrnKeiaNAqTG4jYsIznd0SAaRKKfYoUApQ41ia35ksXfebx91/132', '0', '183.15.207.190', '3f5789b397974a3b-179825-213', null, null, '2019-03-11 22:00:01', '2019-03-13 12:36:07', '2019-03-13 12:36:07', '2017-10-17 18:32:15');
INSERT INTO `user_info` VALUES ('41bf35d51daa4271ae7b153d8a552b97', '243', '179825-243', 'oSkiNv9YwnMsz9HgzrHfICJ-1lL4', 'ccyooho', '0', '1', null, null, null, 'zh_CN', '', '', '', 'http://thirdwx.qlogo.cn/mmopen/X79cK0ndqvc2iamhzWuiahkibV8rngIicKjXKJu7h9Nibdb8fxpVtgU4E4PgBolFG3LTQO2NbLWCSuWpAaDz9N7r2mibiciay9GwByica/132', '0', '183.15.207.190', '41bf35d51daa4271-179825-243', null, null, '2019-03-11 22:00:01', '2019-03-13 12:36:07', '2019-03-13 12:36:07', '2018-03-18 11:46:41');
INSERT INTO `user_info` VALUES ('48ffa1d5c4374d59997d9dd576c186ee', '219', '179825-219', 'oSkiNv24t0VkFQrnBxexnwbFlYC4', '街角的天空', '1', '1', null, null, null, 'zh_CN', '石家庄', '河北', '中国', 'http://thirdwx.qlogo.cn/mmopen/X79cK0ndqveibOQF48SBFrOTAu3IONibEukncFOTNlpzbHogsUfEhWgiccWeomMk72jEBgpGMyMpTkAvgwBH44spn35icweIt9I9/132', '0', '183.15.207.190', '48ffa1d5c4374d59-179825-219', null, null, '2019-03-11 22:00:01', '2019-03-13 12:36:07', '2019-03-13 12:36:07', '2018-10-29 19:24:41');
INSERT INTO `user_info` VALUES ('4be77552225946708199145c45fbcd1b', '261', '179825-261', 'oSkiNv6rEPN08mS89lrJ8Gc2wxRU', '听雪轩主', '1', '1', null, null, null, 'zh_CN', '海淀', '北京', '中国', 'http://thirdwx.qlogo.cn/mmopen/24Y7ZMJctnbN8rVgX6r7IwGUFoeZlluA3zrzlOshMyzxIy33E0ib7NPvvbF4KkXQxBeU171PwSwa8DAbZyR4quicvzeu3XRtVA/132', '0', '183.15.207.190', '4be7755222594670-179825-261', null, null, '2019-03-11 22:00:01', '2019-03-13 12:36:07', '2019-03-13 12:36:07', '2017-08-19 00:56:27');
INSERT INTO `user_info` VALUES ('4da1adbab1214abda103fdc8fe97ed86', '217', '179825-217', 'oSkiNvz8I0Kk8nWK4OdZg4uCEZio', '四季。', '1', '1', null, null, null, 'zh_CN', '', '', '安道尔', 'http://thirdwx.qlogo.cn/mmopen/X79cK0ndqveibOQF48SBFrPSbibY6dyleHqwic8ibAFXVsMvI4HYLsZiaoe7xM0P2rasyLcCRPvHVG1qnrwIux21BiaeBMafCqOu42/132', '0', '183.15.207.190', '4da1adbab1214abd-179825-217', null, null, '2019-03-11 22:00:01', '2019-03-13 12:36:07', '2019-03-13 12:36:07', '2018-05-21 08:32:36');
INSERT INTO `user_info` VALUES ('4db981a30b6f4f79a16b4089d8a67af7', '205', '179825-205', 'oSkiNv0J-VSGU4vwHjk3M4WxRfrI', '五岁熙        ?', '1', '1', null, null, null, 'zh_CN', '沈阳', '辽宁', '中国', 'http://thirdwx.qlogo.cn/mmopen/uxaicsZZrWDQfvY3cEgCXwWck6OADturBic4VEfLe0QYqYB6WxadGfBia6xJIfBNTXydz5P1XhoPsR6gnY3trmylHNPd1mTJRAy/132', '0', '183.15.207.190', '4db981a30b6f4f79-179825-205', null, null, '2019-03-11 22:00:01', '2019-03-13 12:36:07', '2019-03-13 12:36:07', '2019-02-28 16:56:07');
INSERT INTO `user_info` VALUES ('55afcf9cf9d44b01a0732386fffe8584', '187', '179825-187', 'oSkiNv_wHlEgcCj52GcEFONvTOwE', '噺丆孒情', '1', '1', null, null, null, 'zh_CN', '南充', '四川', '中国', 'http://thirdwx.qlogo.cn/mmopen/PiajxSqBRaEJs8mGmuIia0mHDsvdkfRyam2qWJ0YQTKH9EAZclicz0ib8IMN2uRXCQvQJS8sHwowXRu7gTn7Q3BH4Q/132', '0', '183.15.207.190', '55afcf9cf9d44b01-179825-187', null, null, '2019-03-11 22:00:01', '2019-03-13 12:36:07', '2019-03-13 12:36:07', '2019-02-22 22:56:05');
INSERT INTO `user_info` VALUES ('5b284d1a21d2460fb3b2bb5934403748', '267', '179825-267', 'oSkiNv-MJAZnYQrWJhRX_NYkEgKo', '半盏清茶', '1', '1', null, null, null, 'zh_CN', '', '北尼兰杜', '马尔代夫', 'http://thirdwx.qlogo.cn/mmopen/VHU8bI7BOJBnftrKkXqSqWO4kacBVVe1NAM2gMrS7kzIjLnWuI8CrhkKM6NlNNztafxrIzEnfG6p2icCy09qiaRcIQvcy3jxeY/132', '0', '183.15.207.190', '5b284d1a21d2460f-179825-267', null, null, '2019-03-11 22:00:01', '2019-03-13 12:36:07', '2019-03-13 12:36:07', '2019-03-01 08:29:10');
INSERT INTO `user_info` VALUES ('68f61140ef8143cb8c2a4b6ea23d3e5c', '225', '179825-225', 'oSkiNvyanI9OzxxLCG12Yk3Y5hX8', '墨歌', '2', '1', null, null, null, 'zh_CN', '驻马店', '河南', '中国', 'http://thirdwx.qlogo.cn/mmopen/McCU0RnROQcvemnl77Cnzq6mNQj8DDh8r5mKWScSRe9EXf6bHVaoGLzRibKee8uYxrKhrNGmz6dNVdw1icuUZ8oEWzcIE6Ajwo/132', '0', '183.15.207.190', '68f61140ef8143cb-179825-225', null, null, '2019-03-11 22:00:01', '2019-03-13 12:36:07', '2019-03-13 12:36:07', '2019-01-02 21:48:05');
INSERT INTO `user_info` VALUES ('6a83b8c5f09e4d7ba738fc18bd884954', '271', '179825-271', 'oSkiNv-ZuvUjSXvx5P19D_CsRAt0', '?', '1', '1', null, null, null, 'zh_CN', '深圳', '广东', '中国', 'http://thirdwx.qlogo.cn/mmopen/24Y7ZMJctnaMnfv9j5G5ibicfJOer6EibJqibhBO2Qq9bgYj83OVuLD286LXibzWHktHQUGmGE2Ym90hGGic3g2VJpWHN62ADzBiazM/132', '0', null, null, null, null, '2019-03-18 10:04:37', '2019-03-19 10:43:46', '2019-03-19 10:43:46', '2019-03-18 10:04:38');
INSERT INTO `user_info` VALUES ('6bef68fd823044948bd5e4267c4ea3be', '273', '179825-273', 'oSkiNv7v_nY0p3rg0-RE2CjX5VEg', '_Kevin', '1', '1', null, null, null, 'zh_CN', '深圳', '广东', '中国', 'http://thirdwx.qlogo.cn/mmopen/McCU0RnROQef0AxnjMxIYGtOQdCRXe8TZNrS7UE3W6aWUovdnIQNCDKHIIzhnIad4pcSIHEjS1TYw77N94AXEWOq3daKTqq4/132', '0', null, null, null, null, '2019-03-18 11:43:48', '2019-03-19 10:43:46', '2019-03-19 10:43:46', '2019-03-18 11:43:48');
INSERT INTO `user_info` VALUES ('6c31987df3d74d109fb4de08f6026ed0', '227', '179825-227', 'oSkiNv2DJS0PRExf6XyE9aiDLqDc', '守护者', '1', '1', null, null, null, 'zh_CN', '南京', '江苏', '中国', 'http://thirdwx.qlogo.cn/mmopen/McCU0RnROQef0AxnjMxIYC11YJ9GpGyPsEKzfrBJ0f4ppH62qeu920ycfQ5mtIyzmblCYYicUg5JIE6Xia2kx2He8GzhJz3x0u/132', '0', '183.15.207.190', '6c31987df3d74d10-179825-227', null, null, '2019-03-11 22:00:01', '2019-03-13 12:36:07', '2019-03-13 12:36:07', '2018-05-21 06:34:25');
INSERT INTO `user_info` VALUES ('6cbf2544aca244d595c3c4134257f768', '239', '179825-239', 'oSkiNv_4dQkml1R8e8c7G8DUAhXk', '鲜花盛开', '2', '1', null, null, null, 'zh_CN', '深圳', '广东', '中国', 'http://thirdwx.qlogo.cn/mmopen/McCU0RnROQfEJGpO390bgibMa70gpaA3cA5nqMpKxgIvPIRxcLPzTYt6ELyLwKw0ibrOO92OdUe6yxTkbYAF4SuG3d50nkhJnf/132', '0', '183.15.207.190', '6cbf2544aca244d5-179825-239', null, null, '2019-03-11 22:00:01', '2019-03-13 12:36:07', '2019-03-13 12:36:07', '2017-03-23 09:51:34');
INSERT INTO `user_info` VALUES ('7e88340b7308458ea57e510bc8e90135', '203', '179825-203', 'oSkiNv2L3LGunggpoFZXVsNxcPzU', '赵俊辉', '1', '1', null, null, null, 'zh_CN', '深圳', '广东', '中国', 'http://thirdwx.qlogo.cn/mmopen/24Y7ZMJctnZXRQbm0JFoEiaGWCibib9SzpMsT7W36jspz6epPdWblgYgLpeIV24YQBpWnzGEtAVrqB9elFxNGW05x4mgsftwftk/132', '0', '183.15.207.190', '7e88340b7308458e-179825-203', null, null, '2019-03-11 22:00:01', '2019-03-13 12:36:07', '2019-03-13 12:36:07', '2018-11-26 02:26:19');
INSERT INTO `user_info` VALUES ('8a211c4bbc9047bd8c2004d6cd5fabfc', '275', '179825-275', 'oSkiNv92mrdDTRbhyFukcmYcExlo', '还好。', '1', '1', null, null, null, 'zh_CN', '保定', '河北', '中国', 'http://thirdwx.qlogo.cn/mmopen/24Y7ZMJctnZXRQbm0JFoEoEibKtibNAicHUUxOFC4qMs7NiciaiccRtKiaYSSDiaJNSFfZqPX3SMNBU1ibLwyLHY4HheLZpwG6MRwHOks/132', '0', null, null, null, null, '2019-03-18 12:44:24', '2019-03-19 10:43:46', '2019-03-19 10:43:46', '2019-03-18 12:44:25');
INSERT INTO `user_info` VALUES ('8aff35da9b4449ac8ccb3b6d157affa4', '201', '179825-201', 'oSkiNv98nsopN1Dt8DC7vx5FRBWI', 'ヾ1.嗰rёn翫', '1', '1', null, null, null, 'zh_CN', '厦门', '福建', '中国', 'http://thirdwx.qlogo.cn/mmopen/ajNVdqHZLLChaUmfLmeLUfI5oN9DVdkCAhpdlZIInWibHDHh2ibH7sh8KmZIH8Jpy0PKcsPjNI9fbY8ZuJF0icfxQ/132', '0', '183.15.207.190', '8aff35da9b4449ac-179825-201', null, null, '2019-03-11 22:00:01', '2019-03-13 12:36:07', '2019-03-13 12:36:07', '2018-12-25 22:56:12');
INSERT INTO `user_info` VALUES ('953fe573bd8e425498adb71cee80e9fa', '193', '179825-193', 'oSkiNv32skOpsBUBzifqKwGnHfd8', '灵凤', '2', '1', null, null, null, 'zh_CN', '深圳', '广东', '中国', 'http://thirdwx.qlogo.cn/mmopen/McCU0RnROQecsichO7LD8qrs8ZRKgib1LuZcQzR0l9D8gtRiccxEH6GzKCWkOR6lILicDZa0gceywmIVx8VPqpvTGkh58Jj9Wkpn/132', '0', '183.15.207.190', '953fe573bd8e4254-179825-193', null, null, '2019-03-11 22:00:01', '2019-03-19 10:43:36', '2019-03-19 10:43:36', '2018-12-25 19:09:33');
INSERT INTO `user_info` VALUES ('9986b5c211ef4985bbf0f9d85dad8362', '237', '179825-237', 'oSkiNv6AOo58C5pr3yV5ngs6kPKw', '着啊', '2', '1', null, null, null, 'zh_CN', '', '巴拉那', '阿根廷', 'http://thirdwx.qlogo.cn/mmopen/VHU8bI7BOJAnauKT6BYTAobj7mu5Vgef8XZoqNbTnHWfGPYTaYjKyVHesrXe6xLDFIIPCmt771nuP3T35LiatL9nTBib3yJKPR/132', '0', '183.15.207.190', '9986b5c211ef4985-179825-237', null, null, '2019-03-11 22:00:01', '2019-03-13 12:36:07', '2019-03-13 12:36:07', '2018-12-21 17:26:08');
INSERT INTO `user_info` VALUES ('a1de0e05a4e34202a6612e0a087eaa59', '185', '179825-185', 'oSkiNvzIfOplVmcs88G76EjWLUlo', '风云', '1', '1', null, null, null, 'zh_CN', '深圳', '广东', '中国', 'http://thirdwx.qlogo.cn/mmopen/McCU0RnROQchoTh2HMU9l1e5ZtWyjUFI60gkuOhL36xCiajP5C0SyGjY1kOGicicEz5xdb7swWiciaKkaYgMHeJZ4s18ssZ9uXZV9/132', '3000', '183.15.207.190', 'a1de0e05a4e34202-179825-185', null, null, '2019-03-11 22:00:01', '2019-03-13 12:36:07', '2019-03-13 12:36:07', '2018-05-29 16:19:59');
INSERT INTO `user_info` VALUES ('a517cec43f5448368ef94c9101a4b38f', '233', '179825-233', 'oSkiNv9rRHJ4zj2x0gZQmsRjk-9M', '交友，不交狗', '1', '1', null, null, null, 'zh_CN', '朝阳', '北京', '中国', 'http://thirdwx.qlogo.cn/mmopen/VHU8bI7BOJC6Kk0nYWXbL0aA234RHTjaNHwF0bicwkYeyEj9krDEPrnRibRpI5ypk278PePMas8q7HJgu1ZLawLlGaBzPKDn2G/132', '3000', '183.15.207.190', 'a517cec43f544836-179825-233', null, null, '2019-03-11 22:00:01', '2019-03-13 12:36:07', '2019-03-13 12:36:07', '2018-05-21 09:39:36');
INSERT INTO `user_info` VALUES ('a72be73b5a114342a8338378f5674820', '209', '179825-209', 'oSkiNv4fBXYxidv0wU_U0UDHNP4M', 'Jack', '1', '1', null, null, null, 'zh_CN', '深圳', '广东', '中国', 'http://thirdwx.qlogo.cn/mmopen/McCU0RnROQfWT7H7sAXdpibNLQvNRMEcFF9uYe1LyGVdWoicepCLRgCnmqc8BSrVRv7ywgpBp1Wv0fKc9iaNZyXOBvRVSwdRp0s/132', '4610', '183.15.207.190', 'a72be73b5a114342-179825-209', null, null, '2019-03-11 22:00:01', '2019-03-19 10:43:36', '2019-03-19 10:43:36', '2017-05-25 18:10:45');
INSERT INTO `user_info` VALUES ('a855cccab3fa46b6ba19faab9ce57133', '269', '179825-269', 'oSkiNvxSUcfg5EGu0PvoH1Juqit0', '领航-招工-旅游', '1', '1', null, null, null, 'zh_CN', '安阳', '河南', '中国', 'http://thirdwx.qlogo.cn/mmopen/24Y7ZMJctnaMnfv9j5G5ib4hgJMHpQJjINxUtx4szicMe5CS2QSKfB0moG7BwHrm6kaxjw5A8gk8AvSibGOoLlzWww7VI18aJda/132', '0', null, null, null, null, '2019-03-16 16:09:55', '2019-03-19 10:43:46', '2019-03-19 10:43:46', '2019-03-16 16:09:53');
INSERT INTO `user_info` VALUES ('abe346d9cd744a6782cbb0bb189f0968', '223', '179825-223', 'oSkiNv48TLw2jfGxTlVykshsM01o', '?', '1', '1', null, null, null, 'zh_CN', '亳州', '安徽', '中国', 'http://thirdwx.qlogo.cn/mmopen/McCU0RnROQef0AxnjMxIYBsO7JceZTlVJbWdzb0Yd1YqlWBgxG4PGC9icgd6cVn7Zy2VM8dHzWXb4diaUlQQgw7S4IFYFmI27e/132', '0', '183.15.207.190', 'abe346d9cd744a67-179825-223', null, null, '2019-03-11 22:00:01', '2019-03-13 12:36:07', '2019-03-13 12:36:07', '2019-01-05 11:57:03');
INSERT INTO `user_info` VALUES ('ae885fa1cb044e8190183c0c3e9130c4', '263', '179825-263', 'oSkiNv-CFuUdRbSFSSPXg_iTPj2I', 'kingshili', '1', '1', null, null, null, 'zh_CN', '广州', '广东', '中国', 'http://thirdwx.qlogo.cn/mmopen/PiajxSqBRaEJbn8wNzVSWaQkUr4gHLs683XmzVicqHQTfYwWrQmvUvM5JSwXIFcyvPbxRMDCZ8ZAL9reoVtDsuqA/132', '0', '183.15.207.190', 'ae885fa1cb044e81-179825-263', null, null, '2019-03-11 22:00:01', '2019-03-13 12:36:07', '2019-03-13 12:36:07', '2017-08-19 00:56:28');
INSERT INTO `user_info` VALUES ('b1a9520abb7b43648fd2174ed0668582', '251', '179825-251', 'oSkiNv5cSBVYZymataSQS1Wr-3CQ', '-', '1', '1', null, null, null, 'zh_CN', '', '', '阿尔巴尼亚', 'http://thirdwx.qlogo.cn/mmopen/McCU0RnROQdj6uibicFbp32SS4ksVUTZk7Rjvm8rR2iceke4m2wiauGhGCSjiaO41qtfAJHOHpqHhgiam71yBKnyKqCRulPXRrL0bG/132', '0', '183.15.207.190', 'b1a9520abb7b4364-179825-251', null, null, '2019-03-11 22:00:01', '2019-03-13 12:36:07', '2019-03-13 12:36:07', '2019-02-26 16:39:25');
INSERT INTO `user_info` VALUES ('b3bae371df6b42229577db8fe7b35871', '207', '179825-207', 'oSkiNv7g7vWEdUbz1qDxCX8imeMs', '初音', '2', '1', null, null, null, 'zh_CN', '驻马店', '河南', '中国', 'http://thirdwx.qlogo.cn/mmopen/McCU0RnROQecsichO7LD8qpcMN4LkRMVNEsVq0LKkbcltGZGchibyT7DkJib8b911UHaRbgujZicvHtSeVl8oLFGcS5rOv9GXcht/132', '0', '183.15.207.190', 'b3bae371df6b4222-179825-207', null, null, '2019-03-11 22:00:01', '2019-03-13 12:36:07', '2019-03-13 12:36:07', '2018-12-24 18:35:15');
INSERT INTO `user_info` VALUES ('b45ace9fa9174e0089c3a10721856b8c', '197', '179825-197', 'oSkiNv6gnwp2BSCa2JudD1Pgojzs', '张志涛', '0', '1', null, null, null, 'zh_CN', '', '', '', 'http://thirdwx.qlogo.cn/mmopen/ajNVdqHZLLAFNywlrL5WMFaTH4rvg6RNHA6YZFMVKPDWmRs1koPzpicUfxab8Xeu5EicxiadKUsCzicUKTRxgRLVvUjL2j2a6kQB6lAnNXIEbcM/132', '0', '183.15.207.190', 'b45ace9fa9174e00-179825-197', null, null, '2019-03-11 22:00:01', '2019-03-13 12:36:07', '2019-03-13 12:36:07', '2017-12-30 09:41:26');
INSERT INTO `user_info` VALUES ('b74ff834492e458bb3690964ee95602e', '211', '179825-211', 'oSkiNv5QKQ9BeJpc52y_K1qQOhbU', '白白', '0', '0', null, null, null, 'zh_CN', '', '', '', 'http://thirdwx.qlogo.cn/mmopen/24Y7ZMJctna8bFEOyFM22fY7j7xv0RiaWVnSU5c4nzET7DGIOOicqMZXEC25N86UUl3Lj6ibsWINsicSeNV8bTILSMNjjUARnHtA/132', '0', '183.15.207.190', 'b74ff834492e458b-179825-211', null, null, '2019-03-11 22:00:01', '2019-03-15 16:09:05', '2019-03-15 16:09:05', '2019-03-09 20:42:43');
INSERT INTO `user_info` VALUES ('bc14705f7459464a8b4bb07fb161f990', '231', '179825-231', 'oSkiNv_VChq8sKkQE_MX9upBiD08', '梦回前唐！', '1', '1', null, null, null, 'zh_CN', '广州', '广东', '中国', 'http://thirdwx.qlogo.cn/mmopen/X79cK0ndqveibKMbZ0hsuDgparYbbWhHfaNqXFXuOqFJNn1ojN9MfBhJ4l9tdOPiaYFYIjciaSWhczfg1yhJPQAzgm20pJ8W8ZE/132', '0', '183.15.207.190', 'bc14705f7459464a-179825-231', null, null, '2019-03-11 22:00:01', '2019-03-13 12:36:07', '2019-03-13 12:36:07', '2019-01-15 12:56:14');
INSERT INTO `user_info` VALUES ('bca74651fac64a67b3019fee8532177f', '247', '179825-247', 'oSkiNv-xnJ9cVA5_mvbRFvGeTfWk', '枫叶ni', '1', '1', null, null, null, 'zh_CN', '', '', '阿尔巴尼亚', 'http://thirdwx.qlogo.cn/mmopen/McCU0RnROQef0AxnjMxIYE6XSjUbWxniaWLDa63XYyK0ZvycTr5vRJFjDtC01VZFAV4ORzPZb26kEHmdldOOic8HjKOOCa79Az/132', '0', '183.15.207.190', 'bca74651fac64a67-179825-247', null, null, '2019-03-11 22:00:01', '2019-03-13 12:36:07', '2019-03-13 12:36:07', '2018-10-01 23:12:46');
INSERT INTO `user_info` VALUES ('c0813e4431784b649b6f7651946261f9', '245', '179825-245', 'oSkiNvyPDYeNfqai7RDX4NDCFtuA', '中国电信-郭经理', '1', '1', null, null, null, 'zh_CN', '深圳', '广东', '中国', 'http://thirdwx.qlogo.cn/mmopen/Q3auHgzwzM6dbicLtib5hgF85vHoxcYOTKmtrgntKOZoL6ftYooVynTibq3WafbA64iaO6lL7eSzRob9z7ib0KyzoyMywc0S26XQr9B6Yp2X4cyc/132', '0', '183.15.207.190', 'c0813e4431784b64-179825-245', null, null, '2019-03-11 22:00:01', '2019-03-13 12:36:07', '2019-03-13 12:36:07', '2019-03-01 10:25:49');
INSERT INTO `user_info` VALUES ('c4aa123ce5854c188ab09b63dcb2e2b2', '241', '179825-241', 'oSkiNv9trUgfvkho-YwgKOHUm9uo', '小飞', '1', '1', null, null, null, 'zh_CN', '深圳', '广东', '中国', 'http://thirdwx.qlogo.cn/mmopen/VHU8bI7BOJDtiaIs31kgJHl8I9ia9M2STMabia4W6EsBicUnUezW9ObvPSQoq7f0o98NicicgJRKoQiaHMSp6o4frPFQQzrR8IicVF6H/132', '0', '183.15.207.190', 'c4aa123ce5854c18-179825-241', null, null, '2019-03-11 22:00:01', '2019-03-13 12:36:07', '2019-03-13 12:36:07', '2017-03-21 13:58:59');
INSERT INTO `user_info` VALUES ('c752f3874f6f4aa9b790eb2a138fa1e0', '199', '179825-199', 'oSkiNv_DW2MfAAskiD7BDKw2w8TQ', '腾龙', '1', '1', null, null, null, 'zh_CN', '深圳', '广东', '中国', 'http://thirdwx.qlogo.cn/mmopen/McCU0RnROQecsichO7LD8quwnY2E3uz4msrSKsyobMvEfpibg0qyENyhQGH9QGADNciau8d0P10c4Vx2R5wWkKFV49PPoxdiaxBA/132', '0', '183.15.207.190', 'c752f3874f6f4aa9-179825-199', null, null, '2019-03-11 22:00:01', '2019-03-19 10:43:36', '2019-03-19 10:43:36', '2018-11-29 17:08:26');
INSERT INTO `user_info` VALUES ('cad2559c97ed4d3c8678922e2d6f365e', '235', '179825-235', 'oSkiNv-N1DqZD2v_fADJK3_eeVRs', '?', '1', '1', null, null, null, 'zh_CN', '', '东努沙登加拉', '印度尼西亚', 'http://thirdwx.qlogo.cn/mmopen/X79cK0ndqveibOQF48SBFrHuXJL97N72YMD4pagF4icGoeyPndp2d4UYXMwkAicmbK9e45eFdVz7A2wkoroUibGic9h8TCaEh3tTR/132', '0', '183.15.207.190', 'cad2559c97ed4d3c-179825-235', null, null, '2019-03-11 22:00:01', '2019-03-13 12:36:07', '2019-03-13 12:36:07', '2018-10-29 20:44:24');
INSERT INTO `user_info` VALUES ('d291d7d7782c4b949f76a7b32757caaa', '215', '179825-215', 'oSkiNv_roB-Z80_3ZdjmgCxmL22w', '钟鸿高', '1', '1', null, null, null, 'zh_CN', '深圳', '广东', '中国', 'http://thirdwx.qlogo.cn/mmopen/X79cK0ndqvcup3Yff4mEvBXgBqvBrCbEHs3N6tUdgl7VYk3V0IicjSaM7kyRGZyibNeKVJQHPHHSzaFhyVqDBrw1UTQIKINQrs/132', '0', '183.15.207.190', 'd291d7d7782c4b94-179825-215', null, null, '2019-03-11 22:00:01', '2019-03-13 12:36:07', '2019-03-13 12:36:07', '2017-06-09 17:22:46');
INSERT INTO `user_info` VALUES ('d5348a5b4da045a7bd5999f2edc652b9', '221', '179825-221', 'oSkiNv5MrKYk1jMIbAFHDd79XYJI', '年少轻狂最情深', '1', '1', null, null, null, 'zh_CN', '大连', '辽宁', '中国', 'http://thirdwx.qlogo.cn/mmopen/icn6p7ybXn3MDibQDXL5beoBZA1CIEW2l1f8XOB85JC66icxuickI5YMIUf00K7ytyxqIBukKaG3782rVygicr8icVDJL8jTakgeUh/132', '0', '183.15.207.190', 'd5348a5b4da045a7-179825-221', null, null, '2019-03-11 22:00:01', '2019-03-13 12:36:07', '2019-03-13 12:36:07', '2019-01-10 14:08:16');
INSERT INTO `user_info` VALUES ('e93d52b732fa424a8c36f31dd763c46e', '253', '179825-253', 'oSkiNv5-EeP86RMquD9gV4NGvTUs', '熊猫', '2', '1', null, null, null, 'zh_CN', '郑州', '河南', '中国', 'http://thirdwx.qlogo.cn/mmopen/icn6p7ybXn3MDibQDXL5beoCebwjIyLJKxNFQGCEU0r4XS8Fmfwgia6LddZFZ40vjQg67uyNo9EiamZ6bcSc9e2U6jHJZza6vZwx/132', '0', '183.15.207.190', 'e93d52b732fa424a-179825-253', null, null, '2019-03-11 22:00:01', '2019-03-13 12:36:07', '2019-03-13 12:36:07', '2017-08-05 11:56:19');
INSERT INTO `user_info` VALUES ('f011afad234a4bd5b054375fa6daf57a', '229', '179825-229', 'oSkiNv6SBQ8oX_D_zs-NhVSw2xHY', '慌', '1', '1', null, null, null, 'zh_CN', '荆门', '湖北', '中国', 'http://thirdwx.qlogo.cn/mmopen/24Y7ZMJctnY1ZJyicSy8My8ib7jjGvKhr4yeKamuBicVYKCS5dYQwEFEM5OQKcQDzfr3K9oumTJmBgQ9aNKXGB1byobwI7d5Ado/132', '0', '183.15.207.190', 'f011afad234a4bd5-179825-229', null, null, '2019-03-11 22:00:01', '2019-03-13 12:36:07', '2019-03-13 12:36:07', '2019-02-28 20:09:08');
INSERT INTO `user_info` VALUES ('fc65da61ce244e828acd7a264b4bddb4', '191', '179825-191', 'oSkiNv-mHD9NY6Ybt0PUt-T_NX9w', '武道', '1', '1', null, null, null, 'zh_CN', '佛山', '广东', '中国', 'http://thirdwx.qlogo.cn/mmopen/VHU8bI7BOJDgvQVVeQgCuCwg1leFxfOYN60hNhA07pzxvmlyjW8dmk9zZpuy2ic65N8SgJTx6efh0RZwicR25FIA/132', '0', '183.15.207.190', 'fc65da61ce244e82-179825-191', null, null, '2019-03-11 22:00:01', '2019-03-13 12:36:07', '2019-03-13 12:36:07', '2017-12-26 13:25:28');
INSERT INTO `user_info` VALUES ('ff1346c04ab243a2a24921da34972b0c', '255', '179825-255', 'oSkiNv9tujCs8P5_Imru8whvWjXw', 'Jacky', '1', '1', null, null, null, 'zh_CN', '深圳', '广东', '中国', 'http://thirdwx.qlogo.cn/mmopen/McCU0RnROQef0AxnjMxIYIvDTmWLZKgqrHjXfP2LXSz14E0FqaJBS0WMfMtlgqXNApG7iatM3GN7v9zaqr2SC8CL40pAeeYVy/132', '0', '183.15.207.190', 'ff1346c04ab243a2-179825-255', null, null, '2019-03-11 22:00:01', '2019-03-13 12:36:07', '2019-03-13 12:36:07', '2017-09-15 14:28:05');
COMMIT;

-- ----------------------------
-- Table structure for menu_button_info
-- ----------------------------
DROP TABLE IF EXISTS `menu_button_info`;
CREATE TABLE `menu_button_info`  (
  `menu_id` varchar(32) NOT NULL COMMENT '主键，公众号自定义菜单id。',
  `type` varchar(64) NOT NULL COMMENT '菜单的响应动作类型，view表示网页类型，click表示点击类型，miniprogram表示小程序类型。',
  `name` varchar(64) NOT NULL COMMENT '菜单标题，不超过16个字节，子菜单不超过60个字节。',
  `key` varchar(64) NULL DEFAULT NULL COMMENT '菜单KEY值，用于消息接口推送，不超过128字节，click等点击类型必须。',
  `url` varchar(256) NULL DEFAULT NULL COMMENT '网页链接，用户点击菜单可打开链接，不超过1024字节。type为miniprogram时，不支持小程序的老版本客户端将打开本url。view、miniprogram类型必须。',
  `media_id` varchar(128) NULL DEFAULT NULL COMMENT '调用新增永久素材接口返回的合法media_id，media_id类型和view_limited类型必须。',
  `app_id` varchar(64) NULL DEFAULT NULL COMMENT '小程序的appid，miniprogram类型必须。',
  `page_path` varchar(256) NULL DEFAULT NULL COMMENT '小程序的页面路径，miniprogram类型必须。',
  PRIMARY KEY (`menu_id`) USING BTREE
) ENGINE = InnoDB CHARACTER SET = utf8mb4 COLLATE = utf8mb4_general_ci COMMENT = '菜单按钮数据记录表' ROW_FORMAT = Dynamic;
-- ----------------------------
-- Records of menu_button_info
-- ----------------------------
SET FOREIGN_KEY_CHECKS = 1;

update `user_info` set `union_id`=concat(left(`id`, 16), '-', `privated_id`);
update `user_info` set `privated_id`=concat('179825-', `uid`);
